n_estim,Kombinace rysů,délky úseku,Accuracy,Chyby,F míra stavu 0,F míra stavu 1,F míra stavu 2,F míra průměrná,Precision stavu 0,Precision stavu 1,Precision stavu 2,Recall stavu 0,Recall stavu 1,Recall stavu 2
1000,custom,custom,0.6003021148036254,1323,0.4650837988826816,0.6352732119058196,0.6394279877425945,0.5799283328436986,0.43190661478599224,0.7979910714285714,0.5715155203895314,0.5037821482602118,0.5276752767527675,0.7256568778979907
