n_estim,Kombinace rysů,délky úseku,Accuracy,Chyby,F míra stavu 0,F míra stavu 1,F míra stavu 2,F míra průměrná,Precision stavu 0,Precision stavu 1,Precision stavu 2,Recall stavu 0,Recall stavu 1,Recall stavu 2
1000,custom,custom,0.9428947368421052,217,0.9502105523903889,0.9583211891576799,0.3181818181818182,0.7422378532432957,0.9434333497294638,0.958600583090379,0.40384615384615385,0.9570858283433133,0.958041958041958,0.2625
