n_estim,Kombinace rysů,délky úseku,Accuracy,Chyby,F míra stavu 0,F míra stavu 1,F míra stavu 2,F míra průměrná,Precision stavu 0,Precision stavu 1,Precision stavu 2,Recall stavu 0,Recall stavu 1,Recall stavu 2
400,custom,custom,0.6255280627640314,1241,0.6341096919609316,0.597187758478081,0.6296699310845122,0.6203224605078416,0.5582010582010583,0.5,0.8037037037037037,0.7339130434782609,0.7412731006160165,0.5175909361955874
