n_estim,Kombinace rysů,délky úseku,Accuracy,Chyby,F míra stavu 0,F míra stavu 1,F míra stavu 2,F míra průměrná,Precision stavu 0,Precision stavu 1,Precision stavu 2,Recall stavu 0,Recall stavu 1,Recall stavu 2
400,custom,custom,0.7523629489603024,524,0.7508650519031141,0.844062947067239,0.7181767648693719,0.7710349212799082,0.8017241379310345,0.8885542168674698,0.6646090534979424,0.7060737527114967,0.8038147138964578,0.781136638452237
