n_estim,Kombinace rysů,délky úseku,Accuracy,Chyby,F míra stavu 0,F míra stavu 1,F míra stavu 2,F míra průměrná,Precision stavu 0,Precision stavu 1,Precision stavu 2,Recall stavu 0,Recall stavu 1,Recall stavu 2
400,custom,custom,0.5731117824773414,1413,0.44218094667465546,0.6296914095079232,0.6055620838229534,0.5591448133351774,0.36607142857142855,0.7238734419942474,0.613979348689436,0.5582450832072617,0.5571955719557196,0.5973724884080371
