n_estim,Kombinace rysů,délky úseku,Accuracy,Chyby,F míra stavu 0,F míra stavu 1,F míra stavu 2,F míra průměrná,Precision stavu 0,Precision stavu 1,Precision stavu 2,Recall stavu 0,Recall stavu 1,Recall stavu 2
400,custom,custom,0.6027190332326284,1315,0.47067039106145253,0.6406734603455915,0.6380075059706585,0.5831171191259008,0.437094682230869,0.8015521064301552,0.5711667684789249,0.5098335854765507,0.5335793357933579,0.7225656877897991
