n_estim,Kombinace rysů,délky úseku,Accuracy,Chyby,F míra stavu 0,F míra stavu 1,F míra stavu 2,F míra průměrná,Precision stavu 0,Precision stavu 1,Precision stavu 2,Recall stavu 0,Recall stavu 1,Recall stavu 2
1000,custom,custom,0.9278438030560272,170,0.9798515376458112,0.9399158055874474,0.3192488262910798,0.7463387231747795,0.9829787234042553,0.9895245769540693,0.19428571428571428,0.9767441860465116,0.8950437317784257,0.8947368421052632
