n_estim,Kombinace rysů,délky úseku,Accuracy,Chyby,F míra stavu 0,F míra stavu 1,F míra stavu 2,F míra průměrná,Precision stavu 0,Precision stavu 1,Precision stavu 2,Recall stavu 0,Recall stavu 1,Recall stavu 2
1000,custom,custom,0.8382049010924122,548,0.8476257973068746,0.8885651857246905,0.801085692128732,0.8457588917200991,0.8781204111600588,0.9312977099236641,0.754014598540146,0.8191780821917808,0.8495821727019499,0.8544251447477254
