n_estim,Kombinace rysů,délky úseku,Accuracy,Chyby,F míra stavu 0,F míra stavu 1,F míra stavu 2,F míra průměrná,Precision stavu 0,Precision stavu 1,Precision stavu 2,Recall stavu 0,Recall stavu 1,Recall stavu 2
400,custom,custom,0.8429288455860644,532,0.8523893805309735,0.8956521739130435,0.8042039704165045,0.8507485082868405,0.882051282051282,0.9335347432024169,0.7595588235294117,0.8246575342465754,0.8607242339832869,0.8544251447477254
