n_estim,Kombinace rysů,délky úseku,Accuracy,Chyby,F míra stavu 0,F míra stavu 1,F míra stavu 2,F míra průměrná,Precision stavu 0,Precision stavu 1,Precision stavu 2,Recall stavu 0,Recall stavu 1,Recall stavu 2
400,"(1, 1, 1, 1, 1)","[[4, 6], [8, 10], [12, 14, 16], range(5, 17)]",0.9204873356845142,248,0.9512773242033185,0.8781558726673985,0.869281045751634,0.8995714142074503,0.9500263019463441,0.7874015748031497,0.9366197183098591,0.9525316455696202,0.9925558312655087,0.8109756097560976
