n_estim,Kombinace rysů,délky úseku,Accuracy,Chyby,F míra stavu 0,F míra stavu 1,F míra stavu 2,F míra průměrná,Precision stavu 0,Precision stavu 1,Precision stavu 2,Recall stavu 0,Recall stavu 1,Recall stavu 2
1000,"(1, 1, 1, 1, 1)","[[4, 6], [8, 10], [12, 14, 16], range(5, 17)]",0.9307894736842105,263,0.9394730595774983,0.9420731707317073,0.24299065420560748,0.7081789615049376,0.8958804889090086,0.9878516624040921,0.48148148148148145,0.9875249500998003,0.9003496503496503,0.1625
