n_estim,Kombinace rysů,délky úseku,Accuracy,Chyby,F míra stavu 0,F míra stavu 1,F míra stavu 2,F míra průměrná,Precision stavu 0,Precision stavu 1,Precision stavu 2,Recall stavu 0,Recall stavu 1,Recall stavu 2
400,"(1, 1, 1, 1, 1)","[[4, 6], [8, 10], [12, 14, 16], range(5, 17)]",0.7893194399218496,647,0.7704770477047704,0.7361647361647362,0.8157811008590519,0.7741409615761862,0.730999146029035,0.8056338028169014,0.8297734627831715,0.8144624167459562,0.6777251184834123,0.8022528160200251
