n_estim,Kombinace rysů,délky úseku,Accuracy,Chyby,F míra stavu 0,F míra stavu 1,F míra stavu 2,F míra průměrná,Precision stavu 0,Precision stavu 1,Precision stavu 2,Recall stavu 0,Recall stavu 1,Recall stavu 2
1000,"(1, 1, 1, 1, 1)","[[4, 6], [8, 10], [12, 14, 16], range(5, 17)]",0.9224110291760179,242,0.9546891464699684,0.8748639825897715,0.8706500328299409,0.9000677206298936,0.9536842105263158,0.7790697674418605,0.9431009957325747,0.9556962025316456,0.9975186104218362,0.8085365853658537
