n_estim,Kombinace rysů,délky úseku,Accuracy,Chyby,F míra stavu 0,F míra stavu 1,F míra stavu 2,F míra průměrná,Precision stavu 0,Precision stavu 1,Precision stavu 2,Recall stavu 0,Recall stavu 1,Recall stavu 2
400,"(1, 1, 1, 1, 1)","[[4, 6], [8, 10], [12, 14, 16], range(5, 17)]",0.9263157894736842,280,0.9356060606060606,0.9364835839214483,0.3076923076923077,0.7265939840732721,0.8900900900900901,0.9889825016202204,0.4864864864864865,0.9860279441117764,0.8892773892773893,0.225
