n_estim,Kombinace rysů,délky úseku,Accuracy,Chyby,F míra stavu 0,F míra stavu 1,F míra stavu 2,F míra průměrná,Precision stavu 0,Precision stavu 1,Precision stavu 2,Recall stavu 0,Recall stavu 1,Recall stavu 2
1000,"(1, 1, 1, 1, 1)","[[4, 6], [8, 10], [12, 14, 16], range(5, 17)]",0.8013676326929339,610,0.7768829938417812,0.7368421052631579,0.8327183271832719,0.7821478087627369,0.7735849056603774,0.803921568627451,0.8186215235792019,0.780209324452902,0.6800947867298578,0.8473091364205256
