n_estim,Kombinace rysů,délky úseku,Accuracy,Chyby,F míra stavu 0,F míra stavu 1,F míra stavu 2,F míra průměrná,Precision stavu 0,Precision stavu 1,Precision stavu 2,Recall stavu 0,Recall stavu 1,Recall stavu 2
400,"(1, 1, 1, 1, 1)","[[4, 6], [8, 10], [12, 14, 16], range(5, 17)]",0.6104405552202776,1291,0.6468760787021056,0.5815126050420169,0.5824478551751279,0.6036121796397501,0.5363480251860332,0.492176386913229,0.8564814814814815,0.8147826086956522,0.7104722792607803,0.44126416219439474
