n_estim,Kombinace rysů,délky úseku,Accuracy,Chyby,F míra stavu 0,F míra stavu 1,F míra stavu 2,F míra průměrná,Precision stavu 0,Precision stavu 1,Precision stavu 2,Recall stavu 0,Recall stavu 1,Recall stavu 2
400,"(1, 1, 1, 1, 1)","[[4, 6], [8, 10], [12, 14, 16], range(5, 17)]",0.9198461045206797,250,0.9459245581640728,0.8898776418242491,0.8733850129198967,0.9030624043027395,0.946174142480211,0.8064516129032258,0.9285714285714286,0.945675105485232,0.9925558312655087,0.824390243902439
