n_estim,Kombinace rysů,délky úseku,Accuracy,Chyby,F míra stavu 0,F míra stavu 1,F míra stavu 2,F míra průměrná,Precision stavu 0,Precision stavu 1,Precision stavu 2,Recall stavu 0,Recall stavu 1,Recall stavu 2
400,"(1, 1, 1, 1, 1)","[[4, 6], [8, 10], [12, 14, 16], range(5, 17)]",0.8872737246297312,411,0.9242424242424242,0.8969239071775499,0.7762001352265044,0.8657888222154928,0.905940594059406,0.9305711086226204,0.7830832196452933,0.9432989690721649,0.865625,0.7694369973190348
