n_estim,Kombinace rysů,délky úseku,Accuracy,Chyby,F míra stavu 0,F míra stavu 1,F míra stavu 2,F míra průměrná,Precision stavu 0,Precision stavu 1,Precision stavu 2,Recall stavu 0,Recall stavu 1,Recall stavu 2
400,"(1, 1, 1, 1, 1)","[[4, 6], [8, 10], [12, 14, 16], range(5, 17)]",0.8231846304135461,543,0.8038004750593825,0.7457180500658761,0.8535692495424039,0.8010292582225542,0.8026565464895635,0.8397626112759644,0.8327380952380953,0.8049476688867745,0.6706161137440758,0.8754693366708386
