n_estim,Kombinace rysů,délky úseku,Accuracy,Chyby,F míra stavu 0,F míra stavu 1,F míra stavu 2,F míra průměrná,Precision stavu 0,Precision stavu 1,Precision stavu 2,Recall stavu 0,Recall stavu 1,Recall stavu 2
400,"(1, 1, 1, 1, 1)","[[4, 6], [8, 10], [12, 14, 16], range(5, 17)]",0.8955414012738854,328,0.9229715850736049,0.898505114083399,0.8553639846743295,0.8922802279437777,0.9290144727773949,0.9239482200647249,0.8338001867413632,0.9170068027210885,0.8744257274119449,0.8780727630285152
