n_estim,Kombinace rysů,délky úseku,Accuracy,Chyby,F míra stavu 0,F míra stavu 1,F míra stavu 2,F míra průměrná,Precision stavu 0,Precision stavu 1,Precision stavu 2,Recall stavu 0,Recall stavu 1,Recall stavu 2
1000,"(1, 1, 1, 1, 1)","[[4, 6], [8, 10], [12, 14, 16], range(5, 17)]",0.8984076433121019,319,0.9269125683060109,0.8977987421383647,0.8586538461538461,0.8944550521994072,0.9307270233196159,0.9224555735056543,0.8400752587017873,0.9231292517006803,0.8744257274119449,0.8780727630285152
