n_estim,Kombinace rysů,délky úseku,Accuracy,Chyby,F míra stavu 0,F míra stavu 1,F míra stavu 2,F míra průměrná,Precision stavu 0,Precision stavu 1,Precision stavu 2,Recall stavu 0,Recall stavu 1,Recall stavu 2
400,"(1, 1, 1, 1, 1)","[[4, 6], [8, 10], [12, 14, 16], range(5, 17)]",0.9292105263157895,269,0.9344303166292696,0.946551724137931,0.1834862385321101,0.6881560930997702,0.9337319382162431,0.9336734693877551,0.3448275862068966,0.935129740518962,0.9597902097902098,0.125
