n_estim,Kombinace rysů,délky úseku,Accuracy,Chyby,F míra stavu 0,F míra stavu 1,F míra stavu 2,F míra průměrná,Precision stavu 0,Precision stavu 1,Precision stavu 2,Recall stavu 0,Recall stavu 1,Recall stavu 2
1000,"(1, 1, 1, 1, 1)","[[4, 6], [8, 10], [12, 14, 16], range(5, 17)]",0.6441087613293052,1178,0.5592871830020562,0.6476614699331849,0.6838134430727023,0.6302540320026478,0.5112781954887218,0.8168539325842696,0.6146732429099877,0.6172465960665658,0.5365313653136531,0.7704791344667697
