n_estim,Kombinace rysů,délky úseku,Accuracy,Chyby,F míra stavu 0,F míra stavu 1,F míra stavu 2,F míra průměrná,Precision stavu 0,Precision stavu 1,Precision stavu 2,Recall stavu 0,Recall stavu 1,Recall stavu 2
400,custom,custom,0.8948380891311317,328,0.9358232509205682,0.8280123583934088,0.8327645051194539,0.8655333714778103,0.9333683105981112,0.7077464788732394,0.9457364341085271,0.9382911392405063,0.9975186104218362,0.7439024390243902
