n_estim,Kombinace rysů,délky úseku,Accuracy,Chyby,F míra stavu 0,F míra stavu 1,F míra stavu 2,F míra průměrná,Precision stavu 0,Precision stavu 1,Precision stavu 2,Recall stavu 0,Recall stavu 1,Recall stavu 2
400,custom,custom,0.8782765893341368,404,0.8925619834710744,0.8740213523131672,0.8552845528455284,0.8739559628765899,0.8978622327790974,0.8175765645805593,0.8925339366515838,0.8873239436619719,0.9388379204892966,0.8210197710718002
