n_estim,Kombinace rysů,délky úseku,Accuracy,Chyby,F míra stavu 0,F míra stavu 1,F míra stavu 2,F míra průměrná,Precision stavu 0,Precision stavu 1,Precision stavu 2,Recall stavu 0,Recall stavu 1,Recall stavu 2
1000,custom,custom,0.8529672276350753,498,0.864406779661017,0.8948513415518492,0.8155419222903886,0.8582666811677516,0.8557046979865772,0.9334341906202723,0.8066343042071198,0.8732876712328768,0.8593314763231198,0.8246484698097601
