n_estim,Kombinace rysů,délky úseku,Accuracy,Chyby,F míra stavu 0,F míra stavu 1,F míra stavu 2,F míra průměrná,Precision stavu 0,Precision stavu 1,Precision stavu 2,Recall stavu 0,Recall stavu 1,Recall stavu 2
1000,custom,custom,0.9089173711480775,334,0.9316005471956225,0.9394572025052192,0.8442211055276382,0.9050929517428267,0.9059866962305987,0.9018036072144289,0.9200438116100766,0.9587048334115439,0.9803921568627451,0.7799442896935933
