n_estim,Kombinace rysů,délky úseku,Accuracy,Chyby,F míra stavu 0,F míra stavu 1,F míra stavu 2,F míra průměrná,Precision stavu 0,Precision stavu 1,Precision stavu 2,Recall stavu 0,Recall stavu 1,Recall stavu 2
1000,custom,custom,0.8858218318695107,364,0.9199514857489387,0.8959757023538345,0.8143100511073254,0.8767457464033662,0.9221884498480243,0.85383502170767,0.8415492957746479,0.9177253478523896,0.9424920127795527,0.7887788778877888
