n_estim,Kombinace rysů,délky úseku,Accuracy,Chyby,F míra stavu 0,F míra stavu 1,F míra stavu 2,F míra průměrná,Precision stavu 0,Precision stavu 1,Precision stavu 2,Recall stavu 0,Recall stavu 1,Recall stavu 2
1000,custom,custom,0.8035584604212055,541,0.8038613426941641,0.8719512195121951,0.7732739420935412,0.8163621680999668,0.7019157088122605,0.9640449438202248,0.8645418326693227,0.9404517453798767,0.7959183673469388,0.6994359387590653
