n_estim,Kombinace rysů,délky úseku,Accuracy,Chyby,F míra stavu 0,F míra stavu 1,F míra stavu 2,F míra průměrná,Precision stavu 0,Precision stavu 1,Precision stavu 2,Recall stavu 0,Recall stavu 1,Recall stavu 2
1000,custom,custom,0.8412124582869855,571,0.8682505399568035,0.8778280542986425,0.7903225806451613,0.8454670583002025,0.8869277440706013,0.8565121412803532,0.7736842105263158,0.8503437334743522,0.9002320185614849,0.8076923076923077
