n_estim,Kombinace rysů,délky úseku,Accuracy,Chyby,F míra stavu 0,F míra stavu 1,F míra stavu 2,F míra průměrná,Precision stavu 0,Precision stavu 1,Precision stavu 2,Recall stavu 0,Recall stavu 1,Recall stavu 2
400,custom,custom,0.8671286532087978,441,0.8850235849056604,0.875,0.8288770053475936,0.8629668634177513,0.889218009478673,0.8337950138504155,0.8525852585258525,0.880868544600939,0.9204892966360856,0.8064516129032258
