n_estim,Kombinace rysů,délky úseku,Accuracy,Chyby,F míra stavu 0,F míra stavu 1,F míra stavu 2,F míra průměrná,Precision stavu 0,Precision stavu 1,Precision stavu 2,Recall stavu 0,Recall stavu 1,Recall stavu 2
400,custom,custom,0.7616411592315206,732,0.7388422448077773,0.7095115681233933,0.7913576265720735,0.7465704798344147,0.6897689768976898,0.7752808988764045,0.8163672654690619,0.7954329210275928,0.6540284360189573,0.7678347934918648
