n_estim,Kombinace rysů,délky úseku,Accuracy,Chyby,F míra stavu 0,F míra stavu 1,F míra stavu 2,F míra průměrná,Precision stavu 0,Precision stavu 1,Precision stavu 2,Recall stavu 0,Recall stavu 1,Recall stavu 2
1000,custom,custom,0.4324079662039831,1881,0.6273509722664966,0.42480983031012287,0.09652076318742986,0.38289385525468317,0.4952189229994967,0.29705400981996727,0.819047619047619,0.8556521739130435,0.7453798767967146,0.05128205128205128
