n_estim,Kombinace rysů,délky úseku,Accuracy,Chyby,F míra stavu 0,F míra stavu 1,F míra stavu 2,F míra průměrná,Precision stavu 0,Precision stavu 1,Precision stavu 2,Recall stavu 0,Recall stavu 1,Recall stavu 2
1000,custom,custom,0.47220543806646526,1747,0.44359097455592894,0.5751527494908351,0.3794428434197887,0.4660621891555176,0.32489451476793246,0.6418181818181818,0.501269035532995,0.6989409984871406,0.5210332103321034,0.30525502318392583
