n_estim,Kombinace rysů,délky úseku,Accuracy,Chyby,F míra stavu 0,F míra stavu 1,F míra stavu 2,F míra průměrná,Precision stavu 0,Precision stavu 1,Precision stavu 2,Recall stavu 0,Recall stavu 1,Recall stavu 2
400,custom,custom,0.9719864176570459,66,0.9827134625458355,0.9792284866468842,0.5981308411214953,0.853357596771405,0.9740394600207685,0.9969788519637462,0.463768115942029,0.9915433403805497,0.9620991253644315,0.8421052631578947
