n_estim,Kombinace rysů,délky úseku,Accuracy,Chyby,F míra stavu 0,F míra stavu 1,F míra stavu 2,F míra průměrná,Precision stavu 0,Precision stavu 1,Precision stavu 2,Recall stavu 0,Recall stavu 1,Recall stavu 2
1000,custom,custom,0.7551984877126654,518,0.8552058111380145,0.7297921478060047,0.6133743274404304,0.7327907621281499,0.7725284339457568,0.6332665330661322,0.8417721518987342,0.9577006507592191,0.8610354223433242,0.48246674727932287
