n_estim,Kombinace rysů,délky úseku,Accuracy,Chyby,F míra stavu 0,F míra stavu 1,F míra stavu 2,F míra průměrná,Precision stavu 0,Precision stavu 1,Precision stavu 2,Recall stavu 0,Recall stavu 1,Recall stavu 2
1000,custom,custom,0.6606805293005671,718,0.8564638783269962,0.599250936329588,0.3339622641509434,0.5965590262691759,0.7622673434856176,0.456490727532097,0.759656652360515,0.9772234273318872,0.8719346049046321,0.2140266021765417
