n_estim,Kombinace rysů,délky úseku,Accuracy,Chyby,F míra stavu 0,F míra stavu 1,F míra stavu 2,F míra průměrná,Precision stavu 0,Precision stavu 1,Precision stavu 2,Recall stavu 0,Recall stavu 1,Recall stavu 2
400,custom,custom,0.801358234295416,468,0.9466230936819172,0.8374632507349853,0.08888888888888889,0.624325077768597,0.9764044943820225,0.9881070366699702,0.04814004376367615,0.9186046511627907,0.7266763848396501,0.5789473684210527
