n_estim,Kombinace rysů,délky úseku,Accuracy,Chyby,F míra stavu 0,F míra stavu 1,F míra stavu 2,F míra průměrná,Precision stavu 0,Precision stavu 1,Precision stavu 2,Recall stavu 0,Recall stavu 1,Recall stavu 2
400,custom,custom,0.45775497887748945,1797,0.6368094148414515,0.43236857649143534,0.1886993603411514,0.4192924505580127,0.5102147721320063,0.3034825870646766,0.8894472361809045,0.8469565217391304,0.7515400410677618,0.10554561717352415
