n_estim,Kombinace rysů,délky úseku,Accuracy,Chyby,F míra stavu 0,F míra stavu 1,F míra stavu 2,F míra průměrná,Precision stavu 0,Precision stavu 1,Precision stavu 2,Recall stavu 0,Recall stavu 1,Recall stavu 2
400,custom,custom,0.3549848942598187,2135,0.44176706827309237,0.4093515659461844,0.22956374417619652,0.3602274594651577,0.3305785123966942,0.5087719298245614,0.2539831302717901,0.6656580937972768,0.34243542435424357,0.20942812982998454
