n_estim,Kombinace rysů,délky úseku,Accuracy,Chyby,F míra stavu 0,F míra stavu 1,F míra stavu 2,F míra průměrná,Precision stavu 0,Precision stavu 1,Precision stavu 2,Recall stavu 0,Recall stavu 1,Recall stavu 2
1000,custom,custom,0.46529873264936633,1772,0.6367213114754099,0.4416365824308063,0.21294363256784968,0.430433842158022,0.5110526315789473,0.3123404255319149,0.8535564853556485,0.8443478260869566,0.7535934291581109,0.12164579606440072
