n_estim,Kombinace rysů,délky úseku,Accuracy,Chyby,F míra stavu 0,F míra stavu 1,F míra stavu 2,F míra průměrná,Precision stavu 0,Precision stavu 1,Precision stavu 2,Recall stavu 0,Recall stavu 1,Recall stavu 2
400,custom,custom,0.4832302181699772,1587,0.7326732673267327,0.3995229576624926,0.20337139749864055,0.4451892074959553,0.6107936507936508,0.26693227091633465,0.7759336099585062,0.9153187440532826,0.7938388625592417,0.11702127659574468
