n_estim,Kombinace rysů,délky úseku,Accuracy,Chyby,F míra stavu 0,F míra stavu 1,F míra stavu 2,F míra průměrná,Precision stavu 0,Precision stavu 1,Precision stavu 2,Recall stavu 0,Recall stavu 1,Recall stavu 2
400,custom,custom,0.7471337579617834,794,0.8847723704866562,0.6944625407166124,0.517948717948718,0.6990612097173289,0.8215743440233236,0.6043083900226758,0.7440147329650092,0.9585034013605442,0.8162327718223583,0.3972468043264503
