n_estim,Kombinace rysů,délky úseku,Accuracy,Chyby,F míra stavu 0,F míra stavu 1,F míra stavu 2,F míra průměrná,Precision stavu 0,Precision stavu 1,Precision stavu 2,Recall stavu 0,Recall stavu 1,Recall stavu 2
400,custom,custom,0.5648762824381413,1442,0.6443484521238301,0.5003594536304816,0.5115900772671818,0.5520993276738312,0.5497542997542998,0.38495575221238937,0.8043478260869565,0.7782608695652173,0.7145790554414785,0.37507453786523554
