n_estim,Kombinace rysů,délky úseku,Accuracy,Chyby,F míra stavu 0,F míra stavu 1,F míra stavu 2,F míra průměrná,Precision stavu 0,Precision stavu 1,Precision stavu 2,Recall stavu 0,Recall stavu 1,Recall stavu 2
1000,custom,custom,0.6724137931034483,1102,0.8505872712373669,0.5736738703339882,0.34675324675324676,0.590338129441534,0.8268720127456187,0.40744186046511627,0.6576354679802956,0.8757030371203599,0.9690265486725663,0.23544973544973544
