n_estim,Kombinace rysů,délky úseku,Accuracy,Chyby,F míra stavu 0,F míra stavu 1,F míra stavu 2,F míra průměrná,Precision stavu 0,Precision stavu 1,Precision stavu 2,Recall stavu 0,Recall stavu 1,Recall stavu 2
1000,custom,custom,0.3583081570996979,2124,0.4403578528827038,0.41516086381665934,0.23257802479692177,0.362698913832095,0.32790525536639525,0.5153172866520788,0.2602870813397129,0.670196671709531,0.34760147601476016,0.21020092735703247
