n_estim,Kombinace rysů,délky úseku,Accuracy,Chyby,F míra stavu 0,F míra stavu 1,F míra stavu 2,F míra průměrná,Precision stavu 0,Precision stavu 1,Precision stavu 2,Recall stavu 0,Recall stavu 1,Recall stavu 2
400,custom,custom,0.6110440555220278,1289,0.6327137546468401,0.5846153846153846,0.6015538290788013,0.606294322780342,0.5525974025974026,0.48262032085561496,0.7923976608187134,0.74,0.7412731006160165,0.4847942754919499
