n_estim,Kombinace rysů,délky úseku,Accuracy,Chyby,F míra stavu 0,F míra stavu 1,F míra stavu 2,F míra průměrná,Precision stavu 0,Precision stavu 1,Precision stavu 2,Recall stavu 0,Recall stavu 1,Recall stavu 2
400,custom,custom,0.8385350318471337,507,0.8677766895200784,0.8612212529738303,0.778118609406953,0.8357055173002873,0.8342749529190208,0.8930921052631579,0.8104366347177849,0.9040816326530612,0.8315467075038285,0.7482792527040315
