n_estim,Kombinace rysů,délky úseku,Accuracy,Chyby,F míra stavu 0,F míra stavu 1,F míra stavu 2,F míra průměrná,Precision stavu 0,Precision stavu 1,Precision stavu 2,Recall stavu 0,Recall stavu 1,Recall stavu 2
400,custom,custom,0.8513157894736842,565,0.8757475083056478,0.8354686446392448,0.31932773109243695,0.6768479613457764,0.7873357228195937,0.9912,0.48717948717948717,0.9865269461077845,0.722027972027972,0.2375
