n_estim,Kombinace rysů,délky úseku,Accuracy,Chyby,F míra stavu 0,F míra stavu 1,F míra stavu 2,F míra průměrná,Precision stavu 0,Precision stavu 1,Precision stavu 2,Recall stavu 0,Recall stavu 1,Recall stavu 2
400,custom,custom,0.6013880506940253,1321,0.6292134831460674,0.5607333842627961,0.5945945945945946,0.5948471540011527,0.56743535988819,0.4464720194647202,0.767200754005655,0.7060869565217391,0.7535934291581109,0.4853905784138342
