n_estim,Kombinace rysů,délky úseku,Accuracy,Chyby,F míra stavu 0,F míra stavu 1,F míra stavu 2,F míra průměrná,Precision stavu 0,Precision stavu 1,Precision stavu 2,Recall stavu 0,Recall stavu 1,Recall stavu 2
400,custom,custom,0.8431590656284761,564,0.8682980478416277,0.8898978433598184,0.793567688855647,0.8505878600190311,0.9043528064146621,0.8711111111111111,0.7578571428571429,0.8350079323109466,0.9095127610208816,0.8328100470957613
