n_estim,Kombinace rysů,délky úseku,Accuracy,Chyby,F míra stavu 0,F míra stavu 1,F míra stavu 2,F míra průměrná,Precision stavu 0,Precision stavu 1,Precision stavu 2,Recall stavu 0,Recall stavu 1,Recall stavu 2
400,custom,custom,0.737544773689352,806,0.7155452436194896,0.6795180722891566,0.7678175483053532,0.7209602880713332,0.6983695652173914,0.6911764705882353,0.777421423989737,0.7335870599429115,0.6682464454976303,0.7584480600750939
