n_estim,Kombinace rysů,délky úseku,Accuracy,Chyby,F míra stavu 0,F míra stavu 1,F míra stavu 2,F míra průměrná,Precision stavu 0,Precision stavu 1,Precision stavu 2,Recall stavu 0,Recall stavu 1,Recall stavu 2
400,custom,custom,0.8531701890989989,528,0.8764721993974254,0.9043683589138135,0.8054936896807721,0.862111415997337,0.9090909090909091,0.9206730769230769,0.7640845070422535,0.8461131676361714,0.888631090487239,0.8516483516483516
