n_estim,Kombinace rysů,délky úseku,Accuracy,Chyby,F míra stavu 0,F míra stavu 1,F míra stavu 2,F míra průměrná,Precision stavu 0,Precision stavu 1,Precision stavu 2,Recall stavu 0,Recall stavu 1,Recall stavu 2
400,custom,custom,0.6293051359516616,1227,0.41163946061036194,0.6980392156862745,0.6786922209695603,0.5961236324220656,0.3877005347593583,0.7447698744769874,0.6605705925384052,0.43872919818456885,0.6568265682656826,0.6978361669242659
