n_estim,Kombinace rysů,délky úseku,Accuracy,Chyby,F míra stavu 0,F míra stavu 1,F míra stavu 2,F míra průměrná,Precision stavu 0,Precision stavu 1,Precision stavu 2,Recall stavu 0,Recall stavu 1,Recall stavu 2
400,custom,custom,0.9673174872665535,77,0.975609756097561,0.9782528566162919,0.5663716814159292,0.8400780980432607,0.9787234042553191,0.9895600298284862,0.4266666666666667,0.9725158562367865,0.967201166180758,0.8421052631578947
