n_estim,Kombinace rysů,délky úseku,Accuracy,Chyby,F míra stavu 0,F míra stavu 1,F míra stavu 2,F míra průměrná,Precision stavu 0,Precision stavu 1,Precision stavu 2,Recall stavu 0,Recall stavu 1,Recall stavu 2
400,custom,custom,0.7655486812113318,720,0.7437943262411347,0.7177522349936143,0.793425717048018,0.7516574260942557,0.6962655601659751,0.778393351800554,0.8179401993355482,0.7982873453853473,0.6658767772511849,0.7703379224030038
