n_estim,Kombinace rysů,délky úseku,Accuracy,Chyby,F míra stavu 0,F míra stavu 1,F míra stavu 2,F míra průměrná,Precision stavu 0,Precision stavu 1,Precision stavu 2,Recall stavu 0,Recall stavu 1,Recall stavu 2
400,custom,custom,0.742103549332465,792,0.7337602927721867,0.6595492289442467,0.7703180212014135,0.7212091809726157,0.7066079295154185,0.6603325415676959,0.7914191419141914,0.7630827783063748,0.6587677725118484,0.7503128911138923
