n_estim,Kombinace rysů,délky úseku,Accuracy,Chyby,F míra stavu 0,F míra stavu 1,F míra stavu 2,F míra průměrná,Precision stavu 0,Precision stavu 1,Precision stavu 2,Recall stavu 0,Recall stavu 1,Recall stavu 2
400,custom,custom,0.6299093655589124,1225,0.4083333333333333,0.7097980553477936,0.6719872306464485,0.5967062064425251,0.3774069319640565,0.7194844579226687,0.6947194719471947,0.44478063540090773,0.7003690036900369,0.6506955177743431
