n_estim,Kombinace rysů,délky úseku,Accuracy,Chyby,F míra stavu 0,F míra stavu 1,F míra stavu 2,F míra průměrná,Precision stavu 0,Precision stavu 1,Precision stavu 2,Recall stavu 0,Recall stavu 1,Recall stavu 2
400,custom,custom,0.9339473684210526,251,0.9426872770511296,0.9453883495145631,0.18181818181818182,0.6899646027946248,0.9004997728305316,0.9860759493670886,0.47368421052631576,0.9890219560878244,0.9079254079254079,0.1125
