n_estim,Kombinace rysů,délky úseku,Accuracy,Chyby,F míra stavu 0,F míra stavu 1,F míra stavu 2,F míra průměrná,Precision stavu 0,Precision stavu 1,Precision stavu 2,Recall stavu 0,Recall stavu 1,Recall stavu 2
400,custom,custom,0.5929390464695232,1349,0.6236315590788977,0.5643024162120032,0.5764094955489614,0.5881144902799541,0.5510340226817878,0.4547738693467337,0.7625122669283612,0.7182608695652174,0.7433264887063655,0.46332737030411447
