n_estim,Kombinace rysů,délky úseku,Accuracy,Chyby,F míra stavu 0,F míra stavu 1,F míra stavu 2,F míra průměrná,Precision stavu 0,Precision stavu 1,Precision stavu 2,Recall stavu 0,Recall stavu 1,Recall stavu 2
400,custom,custom,0.7253269916765755,924,0.8150563129816242,0.592140921409214,0.6687965921192758,0.6919979421700381,0.8615288220551378,0.4267578125,0.8440860215053764,0.7733408323959505,0.9668141592920354,0.5537918871252204
