n_estim,Kombinace rysů,délky úseku,Accuracy,Chyby,F míra stavu 0,F míra stavu 1,F míra stavu 2,F míra průměrná,Precision stavu 0,Precision stavu 1,Precision stavu 2,Recall stavu 0,Recall stavu 1,Recall stavu 2
400,custom,custom,0.7036795831976554,910,0.7296416938110749,0.575,0.7260138476755688,0.6768851804955479,0.7140255009107468,0.5130111524163569,0.7672473867595819,0.7459562321598477,0.6540284360189573,0.6889862327909887
