n_estim,Kombinace rysů,délky úseku,Accuracy,Chyby,F míra stavu 0,F míra stavu 1,F míra stavu 2,F míra průměrná,Precision stavu 0,Precision stavu 1,Precision stavu 2,Recall stavu 0,Recall stavu 1,Recall stavu 2
400,custom,custom,0.8517797552836485,533,0.8708264915161467,0.9182242990654206,0.8046234153616704,0.8645580686477459,0.9024390243902439,0.9247058823529412,0.7663352272727273,0.8413537810682179,0.9118329466357309,0.8469387755102041
