n_estim,Kombinace rysů,délky úseku,Accuracy,Chyby,F míra stavu 0,F míra stavu 1,F míra stavu 2,F míra průměrná,Precision stavu 0,Precision stavu 1,Precision stavu 2,Recall stavu 0,Recall stavu 1,Recall stavu 2
400,custom,custom,0.6148036253776435,1275,0.48595848595848595,0.6867371847030106,0.6283676703645008,0.6003544470086658,0.40736949846468784,0.7651858567543064,0.6447154471544716,0.6021180030257186,0.6228782287822878,0.6128284389489954
