n_estim,Kombinace rysů,délky úseku,Accuracy,Chyby,F míra stavu 0,F míra stavu 1,F míra stavu 2,F míra průměrná,Precision stavu 0,Precision stavu 1,Precision stavu 2,Recall stavu 0,Recall stavu 1,Recall stavu 2
400,custom,custom,0.8156899810964083,390,0.8393258426966292,0.844804318488529,0.7784921098772648,0.8208740903541409,0.8706293706293706,0.8368983957219251,0.753393665158371,0.8101952277657267,0.8528610354223434,0.8053204353083434
