n_estim,Kombinace rysů,délky úseku,Accuracy,Chyby,F míra stavu 0,F míra stavu 1,F míra stavu 2,F míra průměrná,Precision stavu 0,Precision stavu 1,Precision stavu 2,Recall stavu 0,Recall stavu 1,Recall stavu 2
1000,custom,custom,0.8523359288097887,531,0.8734559429041998,0.9122807017543859,0.8047512991833704,0.8634959812806521,0.9081050228310502,0.9198113207547169,0.7633802816901408,0.8413537810682179,0.9048723897911833,0.8508634222919937
