n_estim,Kombinace rysů,délky úseku,Accuracy,Chyby,F míra stavu 0,F míra stavu 1,F míra stavu 2,F míra průměrná,Precision stavu 0,Precision stavu 1,Precision stavu 2,Recall stavu 0,Recall stavu 1,Recall stavu 2
400,custom,custom,0.7725921521997622,765,0.8518623827125391,0.6444121915820029,0.7168576104746317,0.7377107282563912,0.8614146060954572,0.4794816414686825,0.9399141630901288,0.84251968503937,0.9823008849557522,0.5793650793650794
