n_estim,Kombinace rysů,délky úseku,Accuracy,Chyby,F míra stavu 0,F míra stavu 1,F míra stavu 2,F míra průměrná,Precision stavu 0,Precision stavu 1,Precision stavu 2,Recall stavu 0,Recall stavu 1,Recall stavu 2
400,custom,custom,0.9698641765704584,71,0.9784096893101633,0.9778270509977827,0.616822429906542,0.857686390071496,0.974816369359916,0.9917541229385307,0.4782608695652174,0.9820295983086681,0.9642857142857143,0.868421052631579
