n_estim,Kombinace rysů,délky úseku,Accuracy,Chyby,F míra stavu 0,F míra stavu 1,F míra stavu 2,F míra průměrná,Precision stavu 0,Precision stavu 1,Precision stavu 2,Recall stavu 0,Recall stavu 1,Recall stavu 2
1000,custom,custom,0.7690249702734839,777,0.8485722526680127,0.6319543509272468,0.7240451855836472,0.7348572630596356,0.8709295441089402,0.4663157894736842,0.9282758620689655,0.827334083239595,0.9800884955752213,0.5934744268077602
