n_estim,Kombinace rysů,délky úseku,Accuracy,Chyby,F míra stavu 0,F míra stavu 1,F míra stavu 2,F míra průměrná,Precision stavu 0,Precision stavu 1,Precision stavu 2,Recall stavu 0,Recall stavu 1,Recall stavu 2
1000,"(1, 1, 1, 1, 1)","[[4, 6], [8, 10], [12, 14, 16], range(5, 17)]",0.8809788654060067,428,0.8974641675854466,0.9218390804597701,0.8455827765404603,0.888295341528559,0.9372481289579735,0.9134396355353075,0.8021126760563381,0.8609201480698043,0.9303944315545244,0.8940345368916798
