n_estim,Kombinace rysů,délky úseku,Accuracy,Chyby,F míra stavu 0,F míra stavu 1,F míra stavu 2,F míra průměrná,Precision stavu 0,Precision stavu 1,Precision stavu 2,Recall stavu 0,Recall stavu 1,Recall stavu 2
400,"(1, 1, 1, 1, 1)","[[4, 6], [8, 10], [12, 14, 16], range(5, 17)]",0.8624763705103969,291,0.8865753424657534,0.8639551192145862,0.8358913813459268,0.8621406143420888,0.8959025470653378,0.8901734104046243,0.8166089965397924,0.8774403470715835,0.8392370572207084,0.8561064087061668
