n_estim,Kombinace rysů,délky úseku,Accuracy,Chyby,F míra stavu 0,F míra stavu 1,F míra stavu 2,F míra průměrná,Precision stavu 0,Precision stavu 1,Precision stavu 2,Recall stavu 0,Recall stavu 1,Recall stavu 2
400,"(1, 1, 1, 1, 1)","[[4, 6], [8, 10], [12, 14, 16], range(5, 17)]",0.8764331210191083,388,0.9065292096219931,0.8785942492012779,0.833805476864967,0.8729763118960793,0.9159722222222222,0.9181969949916527,0.8019981834695731,0.8972789115646258,0.8422664624808576,0.8682399213372665
