n_estim,Kombinace rysů,délky úseku,Accuracy,Chyby,F míra stavu 0,F míra stavu 1,F míra stavu 2,F míra průměrná,Precision stavu 0,Precision stavu 1,Precision stavu 2,Recall stavu 0,Recall stavu 1,Recall stavu 2
400,"(1, 1, 1, 1, 1)","[[4, 6], [8, 10], [12, 14, 16], range(5, 17)]",0.9724108658743633,65,0.9774278215223097,0.9800295857988166,0.6796116504854369,0.8790230192688545,0.9708029197080292,0.9947447447447447,0.5384615384615384,0.9841437632135307,0.9657434402332361,0.9210526315789473
