n_estim,Kombinace rysů,délky úseku,Accuracy,Chyby,F míra stavu 0,F míra stavu 1,F míra stavu 2,F míra průměrná,Precision stavu 0,Precision stavu 1,Precision stavu 2,Recall stavu 0,Recall stavu 1,Recall stavu 2
400,"(1, 1, 1, 1, 1)","[[4, 6], [8, 10], [12, 14, 16], range(5, 17)]",0.9214491824302661,245,0.9535066981875493,0.8732394366197183,0.870026525198939,0.8989242200020687,0.9497645211930926,0.775,0.9534883720930233,0.9572784810126582,1.0,0.8
