n_estim,Kombinace rysů,délky úseku,Accuracy,Chyby,F míra stavu 0,F míra stavu 1,F míra stavu 2,F míra průměrná,Precision stavu 0,Precision stavu 1,Precision stavu 2,Recall stavu 0,Recall stavu 1,Recall stavu 2
400,"(1, 1, 1, 1, 1)","[[4, 6], [8, 10], [12, 14, 16], range(5, 17)]",0.8768821966341895,417,0.891280947255113,0.9090909090909091,0.844015444015444,0.881462433453822,0.9359457422758101,0.93519882179676,0.7914554670528603,0.8506849315068493,0.8844011142061281,0.9040529363110008
