n_estim,Kombinace rysů,délky úseku,Accuracy,Chyby,F míra stavu 0,F míra stavu 1,F míra stavu 2,F míra průměrná,Precision stavu 0,Precision stavu 1,Precision stavu 2,Recall stavu 0,Recall stavu 1,Recall stavu 2
400,custom,custom,0.8566666666666667,430,0.9126530612244897,0.7197231833910035,0.7969821673525377,0.809786137322677,0.8963121325494388,0.7042889390519187,0.8469387755102041,0.9296008869179601,0.7358490566037735,0.7525906735751295
