n_estim,Kombinace rysů,délky úseku,Accuracy,Chyby,F míra stavu 0,F míra stavu 1,F míra stavu 2,F míra průměrná,Precision stavu 0,Precision stavu 1,Precision stavu 2,Recall stavu 0,Recall stavu 1,Recall stavu 2
400,custom,custom,0.8337579617834395,522,0.8662997733894464,0.8099173553719008,0.7975769813225644,0.8245980366946372,0.8264360716491661,0.8797127468581688,0.8195020746887967,0.9102040816326531,0.7503828483920367,0.7767944936086529
