n_estim,Kombinace rysů,délky úseku,Accuracy,Chyby,F míra stavu 0,F míra stavu 1,F míra stavu 2,F míra průměrná,Precision stavu 0,Precision stavu 1,Precision stavu 2,Recall stavu 0,Recall stavu 1,Recall stavu 2
1000,custom,custom,0.8710916072408118,470,0.9114114114114115,0.8815719596388741,0.7430997876857749,0.8453610529120201,0.8857003891050583,0.8992416034669556,0.7871064467766117,0.938659793814433,0.8645833333333334,0.7037533512064343
