n_estim,Kombinace rysů,délky úseku,Accuracy,Chyby,F míra stavu 0,F míra stavu 1,F míra stavu 2,F míra průměrná,Precision stavu 0,Precision stavu 1,Precision stavu 2,Recall stavu 0,Recall stavu 1,Recall stavu 2
1000,custom,custom,0.794480755265069,566,0.819764705882353,0.7263969171483622,0.8017057569296375,0.7826224599867843,0.7567332754126846,0.7555110220440882,0.8514492753623188,0.8942505133470225,0.699443413729128,0.7574536663980661
