n_estim,Kombinace rysů,délky úseku,Accuracy,Chyby,F míra stavu 0,F míra stavu 1,F míra stavu 2,F míra průměrná,Precision stavu 0,Precision stavu 1,Precision stavu 2,Recall stavu 0,Recall stavu 1,Recall stavu 2
400,custom,custom,0.8181568842567197,663,0.8523706896551724,0.8887717448603057,0.6631016042780749,0.8014146795978511,0.8927765237020316,0.8996798292422625,0.5955176093916755,0.8154639175257732,0.878125,0.7479892761394102
