n_estim,Kombinace rysů,délky úseku,Accuracy,Chyby,F míra stavu 0,F míra stavu 1,F míra stavu 2,F míra průměrná,Precision stavu 0,Precision stavu 1,Precision stavu 2,Recall stavu 0,Recall stavu 1,Recall stavu 2
400,custom,custom,0.7981118373275236,556,0.8012232415902141,0.8333333333333334,0.7794183445190157,0.8046583064808543,0.6973384030418252,0.9213483146067416,0.8762575452716298,0.9414784394250514,0.7606679035250464,0.701853344077357
