n_estim,Kombinace rysů,délky úseku,Accuracy,Chyby,F míra stavu 0,F míra stavu 1,F míra stavu 2,F míra průměrná,Precision stavu 0,Precision stavu 1,Precision stavu 2,Recall stavu 0,Recall stavu 1,Recall stavu 2
400,custom,custom,0.8517625790900873,492,0.8702559576345984,0.8438395415472779,0.8236570808464461,0.8459175266761075,0.8725663716814159,0.793800539083558,0.8605442176870748,0.8679577464788732,0.900611620795107,0.7898022892819979
