n_estim,Kombinace rysů,délky úseku,Accuracy,Chyby,F míra stavu 0,F míra stavu 1,F míra stavu 2,F míra průměrná,Precision stavu 0,Precision stavu 1,Precision stavu 2,Recall stavu 0,Recall stavu 1,Recall stavu 2
400,custom,custom,0.860921734387783,510,0.9040036396724295,0.7153439153439154,0.8349222277972905,0.8180899276045451,0.8772626931567329,0.6954732510288066,0.9082969432314411,0.9324260910370717,0.7363834422657952,0.7725162488393686
