n_estim,Kombinace rysů,délky úseku,Accuracy,Chyby,F míra stavu 0,F míra stavu 1,F míra stavu 2,F míra průměrná,Precision stavu 0,Precision stavu 1,Precision stavu 2,Recall stavu 0,Recall stavu 1,Recall stavu 2
400,custom,custom,0.8251592356687898,549,0.8634361233480177,0.8168316831683168,0.7661375661375661,0.8154684575513002,0.8032786885245902,0.8855098389982111,0.8293241695303551,0.9333333333333333,0.7580398162327718,0.711897738446411
