n_estim,Kombinace rysů,délky úseku,Accuracy,Chyby,F míra stavu 0,F míra stavu 1,F míra stavu 2,F míra průměrná,Precision stavu 0,Precision stavu 1,Precision stavu 2,Recall stavu 0,Recall stavu 1,Recall stavu 2
400,custom,custom,0.7999273783587509,551,0.816022356776898,0.7492507492507493,0.8067796610169492,0.7906842556815322,0.7468030690537084,0.8116883116883117,0.8507596067917784,0.8993839835728953,0.6957328385899815,0.7671232876712328
