n_estim,Kombinace rysů,délky úseku,Accuracy,Chyby,F míra stavu 0,F míra stavu 1,F míra stavu 2,F míra průměrná,Precision stavu 0,Precision stavu 1,Precision stavu 2,Recall stavu 0,Recall stavu 1,Recall stavu 2
400,custom,custom,0.8977236293683873,319,0.9407521895929933,0.8498402555910544,0.8115737473535639,0.8673887308458705,0.919436052366566,0.7444029850746269,0.9631490787269682,0.9630801687763713,0.9900744416873449,0.7012195121951219
