n_estim,Kombinace rysů,délky úseku,Accuracy,Chyby,F míra stavu 0,F míra stavu 1,F míra stavu 2,F míra průměrná,Precision stavu 0,Precision stavu 1,Precision stavu 2,Recall stavu 0,Recall stavu 1,Recall stavu 2
1000,custom,custom,0.8804893350062736,381,0.9258480936655659,0.8749085588880761,0.7949940405244339,0.8652502310260254,0.9189511323003575,0.8070175438596491,0.8673602080624188,0.9328493647912885,0.9552715654952076,0.7337733773377337
