n_estim,Kombinace rysů,délky úseku,Accuracy,Chyby,F míra stavu 0,F míra stavu 1,F míra stavu 2,F míra průměrná,Precision stavu 0,Precision stavu 1,Precision stavu 2,Recall stavu 0,Recall stavu 1,Recall stavu 2
400,custom,custom,0.8723949983969221,398,0.9359937807722207,0.7984031936127745,0.7480029048656499,0.8274666264168817,0.9200203769740194,0.667779632721202,0.9245960502692998,0.9525316455696202,0.9925558312655087,0.6280487804878049
