n_estim,Kombinace rysů,délky úseku,Accuracy,Chyby,F míra stavu 0,F míra stavu 1,F míra stavu 2,F míra průměrná,Precision stavu 0,Precision stavu 1,Precision stavu 2,Recall stavu 0,Recall stavu 1,Recall stavu 2
400,custom,custom,0.8556244464127547,489,0.8632156324991429,0.9057920446615492,0.8168316831683168,0.8619464534430029,0.8641043239533288,0.9076923076923077,0.8148148148148148,0.8623287671232877,0.903899721448468,0.8188585607940446
