n_estim,Kombinace rysů,délky úseku,Accuracy,Chyby,F míra stavu 0,F míra stavu 1,F míra stavu 2,F míra průměrná,Precision stavu 0,Precision stavu 1,Precision stavu 2,Recall stavu 0,Recall stavu 1,Recall stavu 2
400,custom,custom,0.9012504007694774,308,0.9312114989733059,0.8827751196172249,0.8339973439575034,0.8826613208493447,0.907,0.8521939953810623,0.9154518950437318,0.9567510548523207,0.9156327543424317,0.7658536585365854
