n_estim,Kombinace rysů,délky úseku,Accuracy,Chyby,F míra stavu 0,F míra stavu 1,F míra stavu 2,F míra průměrná,Precision stavu 0,Precision stavu 1,Precision stavu 2,Recall stavu 0,Recall stavu 1,Recall stavu 2
400,custom,custom,0.7948438634713144,565,0.8169811320754717,0.7248062015503876,0.8056027164685908,0.7824633500314834,0.7556719022687609,0.7586206896551724,0.8511210762331839,0.8891170431211499,0.6938775510204082,0.7647058823529411
