n_estim,Kombinace rysů,délky úseku,Accuracy,Chyby,F míra stavu 0,F míra stavu 1,F míra stavu 2,F míra průměrná,Precision stavu 0,Precision stavu 1,Precision stavu 2,Recall stavu 0,Recall stavu 1,Recall stavu 2
1000,custom,custom,0.8192226574269358,600,0.8465608465608465,0.7420333839150227,0.8237747653806048,0.8041229986188246,0.8480565371024735,0.7364457831325302,0.8254963427377221,0.8450704225352113,0.7477064220183486,0.8220603537981269
