n_estim,Kombinace rysů,délky úseku,Accuracy,Chyby,F míra stavu 0,F míra stavu 1,F míra stavu 2,F míra průměrná,Precision stavu 0,Precision stavu 1,Precision stavu 2,Recall stavu 0,Recall stavu 1,Recall stavu 2
400,custom,custom,0.8509005019191025,505,0.8634097706879362,0.9106145251396648,0.7981140162880411,0.8573794373718807,0.8386055519690123,0.9131652661064426,0.8282918149466192,0.8897260273972603,0.9080779944289693,0.7700578990901572
