n_estim,Kombinace rysů,délky úseku,Accuracy,Chyby,F míra stavu 0,F míra stavu 1,F míra stavu 2,F míra průměrná,Precision stavu 0,Precision stavu 1,Precision stavu 2,Recall stavu 0,Recall stavu 1,Recall stavu 2
400,custom,custom,0.8453333333333334,464,0.9030335861321777,0.731995277449823,0.7652292950034223,0.8000860528618077,0.8829449152542372,0.7328605200945626,0.8113207547169812,0.9240576496674058,0.7311320754716981,0.7240932642487047
