n_estim,Kombinace rysů,délky úseku,Accuracy,Chyby,F míra stavu 0,F míra stavu 1,F míra stavu 2,F míra průměrná,Precision stavu 0,Precision stavu 1,Precision stavu 2,Recall stavu 0,Recall stavu 1,Recall stavu 2
400,custom,custom,0.8698243412797992,415,0.9166414064868141,0.8648255813953488,0.783068783068783,0.8548452569836487,0.9185905224787363,0.7933333333333333,0.8409090909090909,0.9147005444646098,0.950479233226837,0.7326732673267327
