n_estim,Kombinace rysů,délky úseku,Accuracy,Chyby,F míra stavu 0,F míra stavu 1,F míra stavu 2,F míra průměrná,Precision stavu 0,Precision stavu 1,Precision stavu 2,Recall stavu 0,Recall stavu 1,Recall stavu 2
400,custom,custom,0.9012504007694774,308,0.9361154044307058,0.8827433628318584,0.8195592286501377,0.8794726653042341,0.9149043303121853,0.7964071856287425,0.9414556962025317,0.9583333333333334,0.9900744416873449,0.725609756097561
