n_estim,Kombinace rysů,délky úseku,Accuracy,Chyby,F míra stavu 0,F míra stavu 1,F míra stavu 2,F míra průměrná,Precision stavu 0,Precision stavu 1,Precision stavu 2,Recall stavu 0,Recall stavu 1,Recall stavu 2
400,"(1, 1, 1, 1, 1)","[[4, 6], [8, 10], [12, 14, 16], range(5, 17)]",0.8809788654060067,428,0.9,0.900709219858156,0.8499635833940277,0.8835576010840612,0.9479227618490346,0.9180722891566265,0.7927989130434783,0.8566895822316235,0.8839907192575406,0.9160125588697017
