n_estim,Kombinace rysů,délky úseku,Accuracy,Chyby,F míra stavu 0,F míra stavu 1,F míra stavu 2,F míra průměrná,Precision stavu 0,Precision stavu 1,Precision stavu 2,Recall stavu 0,Recall stavu 1,Recall stavu 2
1000,"(1, 1, 1, 1, 1)","[[4, 6], [8, 10], [12, 14, 16], range(5, 17)]",0.8557324840764331,453,0.8891076115485564,0.8286189683860233,0.8216748768472907,0.8464671522606234,0.858681875792142,0.907103825136612,0.8232971372161896,0.9217687074829932,0.7626339969372129,0.8200589970501475
