n_estim,Kombinace rysů,délky úseku,Accuracy,Chyby,F míra stavu 0,F míra stavu 1,F míra stavu 2,F míra průměrná,Precision stavu 0,Precision stavu 1,Precision stavu 2,Recall stavu 0,Recall stavu 1,Recall stavu 2
400,"(1, 1, 1, 1, 1)","[[4, 6], [8, 10], [12, 14, 16], range(5, 17)]",0.8726362625139044,458,0.8941504178272981,0.8997772828507795,0.8350591715976331,0.8763289574252369,0.9446733372572101,0.8650963597430407,0.7895104895104895,0.8487572712850344,0.9373549883990719,0.8861852433281004
