n_estim,Kombinace rysů,délky úseku,Accuracy,Chyby,F míra stavu 0,F míra stavu 1,F míra stavu 2,F míra průměrná,Precision stavu 0,Precision stavu 1,Precision stavu 2,Recall stavu 0,Recall stavu 1,Recall stavu 2
400,"(1, 1, 1, 1, 1)","[[4, 6], [8, 10], [12, 14, 16], range(5, 17)]",0.8715677590788308,435,0.880760790051207,0.9012875536480687,0.846328538985617,0.8761256275616308,0.945054945054945,0.9264705882352942,0.7801814375436148,0.8246575342465754,0.8774373259052924,0.9247311827956989
