n_estim,Kombinace rysů,délky úseku,Accuracy,Chyby,F míra stavu 0,F míra stavu 1,F míra stavu 2,F míra průměrná,Precision stavu 0,Precision stavu 1,Precision stavu 2,Recall stavu 0,Recall stavu 1,Recall stavu 2
400,"(1, 1, 1, 1, 1)","[[4, 6], [8, 10], [12, 14, 16], range(5, 17)]",0.8576433121019108,447,0.8917886696371737,0.8389760528488852,0.813700051894136,0.8481549247933984,0.8379186602870813,0.910394265232975,0.8615384615384616,0.9530612244897959,0.777947932618683,0.7708947885939036
