n_estim,Kombinace rysů,délky úseku,Accuracy,Chyby,F míra stavu 0,F míra stavu 1,F míra stavu 2,F míra průměrná,Precision stavu 0,Precision stavu 1,Precision stavu 2,Recall stavu 0,Recall stavu 1,Recall stavu 2
1000,"(1, 1, 1, 1, 1)","[[4, 6], [8, 10], [12, 14, 16], range(5, 17)]",0.8831210191082802,367,0.9124236252545825,0.8848292295472597,0.8404819277108434,0.8792449275042286,0.9105691056910569,0.9191419141914191,0.8241965973534972,0.9142857142857143,0.8529862174578867,0.8574237954768928
