n_estim,Kombinace rysů,délky úseku,Accuracy,Chyby,F míra stavu 0,F míra stavu 1,F míra stavu 2,F míra průměrná,Precision stavu 0,Precision stavu 1,Precision stavu 2,Recall stavu 0,Recall stavu 1,Recall stavu 2
400,"(1, 1, 1, 1, 1)","[[4, 6], [8, 10], [12, 14, 16], range(5, 17)]",0.6537764350453172,1146,0.4595744680851064,0.7037933817594835,0.7086383601756955,0.6240020700067618,0.4325767690253672,0.7764915405164737,0.6731571627260083,0.49016641452344933,0.6435424354243543,0.7480680061823802
