n_estim,Kombinace rysů,délky úseku,Accuracy,Chyby,F míra stavu 0,F míra stavu 1,F míra stavu 2,F míra průměrná,Precision stavu 0,Precision stavu 1,Precision stavu 2,Recall stavu 0,Recall stavu 1,Recall stavu 2
400,"(1, 1, 1, 1, 1)","[[4, 6], [8, 10], [12, 14, 16], range(5, 17)]",0.8638941398865785,288,0.8907193849533224,0.8583450210378681,0.8374558303886925,0.8621734121266277,0.9021134593993326,0.884393063583815,0.8163030998851895,0.8796095444685467,0.8337874659400545,0.8597339782345829
