n_estim,Kombinace rysů,délky úseku,Accuracy,Chyby,F míra stavu 0,F míra stavu 1,F míra stavu 2,F míra průměrná,Precision stavu 0,Precision stavu 1,Precision stavu 2,Recall stavu 0,Recall stavu 1,Recall stavu 2
400,"(1, 1, 1, 1, 1)","[[4, 6], [8, 10], [12, 14, 16], range(5, 17)]",0.7977857375447737,621,0.7692307692307693,0.7333333333333333,0.8312004875076173,0.7779215300239066,0.7774538386783285,0.7988826815642458,0.8099762470308789,0.7611798287345385,0.6777251184834123,0.853566958698373
