n_estim,Kombinace rysů,délky úseku,Accuracy,Chyby,F míra stavu 0,F míra stavu 1,F míra stavu 2,F míra průměrná,Precision stavu 0,Precision stavu 1,Precision stavu 2,Recall stavu 0,Recall stavu 1,Recall stavu 2
400,"(1, 1, 1, 1, 1)","[[4, 6], [8, 10], [12, 14, 16], range(5, 17)]",0.8630573248407644,430,0.8924329826942654,0.8766025641025641,0.8134292565947242,0.8608216011305179,0.8903182125930941,0.9193277310924369,0.7940074906367042,0.8945578231292517,0.8376722817764165,0.8338249754178958
