n_estim,Kombinace rysů,délky úseku,Accuracy,Chyby,F míra stavu 0,F míra stavu 1,F míra stavu 2,F míra průměrná,Precision stavu 0,Precision stavu 1,Precision stavu 2,Recall stavu 0,Recall stavu 1,Recall stavu 2
400,"(1, 1, 1, 1, 1)","[[4, 6], [8, 10], [12, 14, 16], range(5, 17)]",0.8792993630573248,379,0.9103034344781594,0.8811410459587956,0.8320950965824666,0.8745131923398072,0.8927403531720078,0.9129720853858785,0.8383233532934131,0.9285714285714286,0.8514548238897397,0.8259587020648967
