n_estim,Kombinace rysů,délky úseku,Accuracy,Chyby,F míra stavu 0,F míra stavu 1,F míra stavu 2,F míra průměrná,Precision stavu 0,Precision stavu 1,Precision stavu 2,Recall stavu 0,Recall stavu 1,Recall stavu 2
400,"(1, 1, 1, 1, 1)","[[4, 6], [8, 10], [12, 14, 16], range(5, 17)]",0.8188090050835148,499,0.8169140800719749,0.8380355276907001,0.8127147766323024,0.8225547947983257,0.7269815852682145,0.9593301435406698,0.8702851885924563,0.9322381930184805,0.7439703153988868,0.7622884770346495
