n_estim,Kombinace rysů,délky úseku,Accuracy,Chyby,F míra stavu 0,F míra stavu 1,F míra stavu 2,F míra průměrná,Precision stavu 0,Precision stavu 1,Precision stavu 2,Recall stavu 0,Recall stavu 1,Recall stavu 2
400,custom,custom,0.897463866921189,376,0.9267631103074141,0.9257375381485249,0.8157758173326414,0.8894254885961934,0.8940252943741823,0.8683206106870229,0.9247058823529412,0.9619896762083529,0.9912854030501089,0.7298050139275766
