n_estim,Kombinace rysů,délky úseku,Accuracy,Chyby,F míra stavu 0,F míra stavu 1,F míra stavu 2,F míra průměrná,Precision stavu 0,Precision stavu 1,Precision stavu 2,Recall stavu 0,Recall stavu 1,Recall stavu 2
400,custom,custom,0.8601988550768304,464,0.879196556671449,0.8634111818825194,0.8195402298850575,0.8540493228130086,0.8601909039865244,0.8036890645586298,0.9152759948652118,0.8990610328638498,0.9327217125382263,0.7419354838709677
