n_estim,Kombinace rysů,délky úseku,Accuracy,Chyby,F míra stavu 0,F míra stavu 1,F míra stavu 2,F míra průměrná,Precision stavu 0,Precision stavu 1,Precision stavu 2,Recall stavu 0,Recall stavu 1,Recall stavu 2
400,custom,custom,0.8846666666666667,346,0.9304396215915415,0.8635875402792696,0.7864406779661017,0.8601559466123043,0.9340782122905028,0.7928994082840237,0.8250355618776671,0.926829268292683,0.9481132075471698,0.7512953367875648
