n_estim,Kombinace rysů,délky úseku,Accuracy,Chyby,F míra stavu 0,F míra stavu 1,F míra stavu 2,F míra průměrná,Precision stavu 0,Precision stavu 1,Precision stavu 2,Recall stavu 0,Recall stavu 1,Recall stavu 2
400,custom,custom,0.8568846037963241,475,0.8766252528171049,0.8607594936708861,0.8148148148148148,0.8507331871009353,0.8634035287421742,0.796875,0.9005037783375315,0.8902582159624414,0.9357798165137615,0.7440166493236212
