n_estim,Kombinace rysů,délky úseku,Accuracy,Chyby,F míra stavu 0,F míra stavu 1,F míra stavu 2,F míra průměrná,Precision stavu 0,Precision stavu 1,Precision stavu 2,Recall stavu 0,Recall stavu 1,Recall stavu 2
400,custom,custom,0.8476666666666667,457,0.9045035268583831,0.7304964539007093,0.7724795640326976,0.8024931815972632,0.885759829968119,0.7322274881516587,0.8146551724137931,0.9240576496674058,0.7287735849056604,0.7344559585492227
