n_estim,Kombinace rysů,délky úseku,Accuracy,Chyby,F míra stavu 0,F míra stavu 1,F míra stavu 2,F míra průměrná,Precision stavu 0,Precision stavu 1,Precision stavu 2,Recall stavu 0,Recall stavu 1,Recall stavu 2
400,custom,custom,0.8171135884302501,607,0.8463329452852154,0.7420333839150227,0.8163481953290871,0.8015715081764417,0.8394919168591224,0.7364457831325302,0.8331527627302275,0.8532863849765259,0.7477064220183486,0.8002081165452654
