n_estim,Kombinace rysů,délky úseku,Accuracy,Chyby,F míra stavu 0,F míra stavu 1,F míra stavu 2,F míra průměrná,Precision stavu 0,Precision stavu 1,Precision stavu 2,Recall stavu 0,Recall stavu 1,Recall stavu 2
400,custom,custom,0.8272078990674712,630,0.8856496607187736,0.7582781456953642,0.7554963357761493,0.7998080473967623,0.8641490926924963,0.8063380281690141,0.7509933774834437,0.9082474226804124,0.715625,0.760053619302949
