n_estim,Kombinace rysů,délky úseku,Accuracy,Chyby,F míra stavu 0,F míra stavu 1,F míra stavu 2,F míra průměrná,Precision stavu 0,Precision stavu 1,Precision stavu 2,Recall stavu 0,Recall stavu 1,Recall stavu 2
400,custom,custom,0.8115468409586056,519,0.8109540636042403,0.8287179487179487,0.8047598060819744,0.8148106061347211,0.7116279069767442,0.926605504587156,0.8881322957198443,0.9425051334702259,0.7495361781076066,0.7356970185334408
