n_estim,Kombinace rysů,délky úseku,Accuracy,Chyby,F míra stavu 0,F míra stavu 1,F míra stavu 2,F míra průměrná,Precision stavu 0,Precision stavu 1,Precision stavu 2,Recall stavu 0,Recall stavu 1,Recall stavu 2
400,custom,custom,0.8829987452948557,373,0.9288235294117647,0.8761904761904762,0.7920546244568591,0.8656895433530334,0.9038351459645106,0.8092016238159675,0.9088319088319088,0.9552329098608591,0.9552715654952076,0.7018701870187019
