n_estim,Kombinace rysů,délky úseku,Accuracy,Chyby,F míra stavu 0,F míra stavu 1,F míra stavu 2,F míra průměrná,Precision stavu 0,Precision stavu 1,Precision stavu 2,Recall stavu 0,Recall stavu 1,Recall stavu 2
400,custom,custom,0.896,312,0.9405967697782645,0.8704103671706264,0.7980295566502463,0.8696788978663791,0.9291508923742564,0.8027888446215139,0.8736517719568567,0.9523281596452328,0.9504716981132075,0.7344559585492227
