n_estim,Kombinace rysů,délky úseku,Accuracy,Chyby,F míra stavu 0,F míra stavu 1,F míra stavu 2,F míra průměrná,Precision stavu 0,Precision stavu 1,Precision stavu 2,Recall stavu 0,Recall stavu 1,Recall stavu 2
1000,custom,custom,0.9020998091082629,359,0.9267415730337079,0.9442148760330579,0.8235908141962421,0.8981824210876693,0.8891763691246227,0.8978388998035364,0.9404052443384983,0.9676208352885969,0.9956427015250545,0.7325905292479109
