n_estim,Kombinace rysů,délky úseku,Accuracy,Chyby,F míra stavu 0,F míra stavu 1,F míra stavu 2,F míra průměrná,Precision stavu 0,Precision stavu 1,Precision stavu 2,Recall stavu 0,Recall stavu 1,Recall stavu 2
400,custom,custom,0.8970823982045527,321,0.9391752577319588,0.8547008547008547,0.810126582278481,0.868000898237098,0.9183467741935484,0.7504690431519699,0.9568106312292359,0.9609704641350211,0.9925558312655087,0.7024390243902439
