n_estim,Kombinace rysů,délky úseku,Accuracy,Chyby,F míra stavu 0,F míra stavu 1,F míra stavu 2,F míra průměrná,Precision stavu 0,Precision stavu 1,Precision stavu 2,Recall stavu 0,Recall stavu 1,Recall stavu 2
400,custom,custom,0.8923333333333333,323,0.9391447368421053,0.8638799571275455,0.7906976744186046,0.8645741227960851,0.9289587852494577,0.7917485265225933,0.8670788253477589,0.9495565410199557,0.9504716981132075,0.7266839378238342
