n_estim,Kombinace rysů,délky úseku,Accuracy,Chyby,F míra stavu 0,F míra stavu 1,F míra stavu 2,F míra průměrná,Precision stavu 0,Precision stavu 1,Precision stavu 2,Recall stavu 0,Recall stavu 1,Recall stavu 2
400,custom,custom,0.8970823982045527,321,0.935708752904725,0.869281045751634,0.8113337940566689,0.872107864237676,0.9165402124430956,0.7747572815533981,0.9362041467304625,0.9556962025316456,0.9900744416873449,0.7158536585365853
