n_estim,Kombinace rysů,délky úseku,Accuracy,Chyby,F míra stavu 0,F míra stavu 1,F míra stavu 2,F míra průměrná,Precision stavu 0,Precision stavu 1,Precision stavu 2,Recall stavu 0,Recall stavu 1,Recall stavu 2
400,custom,custom,0.8683488754799781,480,0.9094587759231159,0.8683236382866208,0.756046993780235,0.8446098026633239,0.8927507447864945,0.8818474758324383,0.7803138373751783,0.9268041237113402,0.8552083333333333,0.7332439678284183
