n_estim,Kombinace rysů,délky úseku,Accuracy,Chyby,F míra stavu 0,F míra stavu 1,F míra stavu 2,F míra průměrná,Precision stavu 0,Precision stavu 1,Precision stavu 2,Recall stavu 0,Recall stavu 1,Recall stavu 2
400,custom,custom,0.813375796178344,586,0.8564036222509702,0.747870528109029,0.785501489572989,0.7965918799776629,0.8162762022194822,0.8426103646833013,0.7933801404212638,0.9006802721088435,0.6722817764165391,0.7777777777777778
