n_estim,Kombinace rysů,délky úseku,Accuracy,Chyby,F míra stavu 0,F míra stavu 1,F míra stavu 2,F míra průměrná,Precision stavu 0,Precision stavu 1,Precision stavu 2,Recall stavu 0,Recall stavu 1,Recall stavu 2
1000,custom,custom,0.8363057324840765,514,0.86976,0.8142031379025598,0.7962962962962963,0.826753144732952,0.8211480362537764,0.8835125448028673,0.8349514563106796,0.9244897959183673,0.7549770290964778,0.7610619469026548
