n_estim,Kombinace rysů,délky úseku,Accuracy,Chyby,F míra stavu 0,F míra stavu 1,F míra stavu 2,F míra průměrná,Precision stavu 0,Precision stavu 1,Precision stavu 2,Recall stavu 0,Recall stavu 1,Recall stavu 2
400,custom,custom,0.8420467185761957,568,0.8665067945643485,0.9020044543429844,0.7847304210940574,0.8510805566671301,0.8732545649838883,0.867237687366167,0.7868981846882399,0.8598625066102591,0.9396751740139211,0.782574568288854
