n_estim,Kombinace rysů,délky úseku,Accuracy,Chyby,F míra stavu 0,F míra stavu 1,F míra stavu 2,F míra průměrná,Precision stavu 0,Precision stavu 1,Precision stavu 2,Recall stavu 0,Recall stavu 1,Recall stavu 2
400,custom,custom,0.7930283224400871,570,0.8098558809855881,0.7344521224086871,0.802901023890785,0.7824030090950199,0.740016992353441,0.7848101265822784,0.8531278331822303,0.8942505133470225,0.6901669758812616,0.75825946817083
