n_estim,Kombinace rysů,délky úseku,Accuracy,Chyby,F míra stavu 0,F míra stavu 1,F míra stavu 2,F míra průměrná,Precision stavu 0,Precision stavu 1,Precision stavu 2,Recall stavu 0,Recall stavu 1,Recall stavu 2
400,custom,custom,0.8691716950082282,477,0.9094547273636818,0.8812664907651715,0.7376697641172266,0.8427969940820267,0.8833819241982507,0.893048128342246,0.7901990811638591,0.9371134020618557,0.8697916666666666,0.6916890080428955
