n_estim,Kombinace rysů,délky úseku,Accuracy,Chyby,F míra stavu 0,F míra stavu 1,F míra stavu 2,F míra průměrná,Precision stavu 0,Precision stavu 1,Precision stavu 2,Recall stavu 0,Recall stavu 1,Recall stavu 2
1000,"(1, 1, 1, 1, 1)","[[4, 6], [8, 10], [12, 14, 16], range(5, 17)]",0.9724108658743633,65,0.9788806758183738,0.981159955670484,0.6486486486486487,0.8695630933791688,0.9778481012658228,0.9947565543071161,0.4931506849315068,0.9799154334038055,0.967930029154519,0.9473684210526315
