n_estim,Kombinace rysů,délky úseku,Accuracy,Chyby,F míra stavu 0,F míra stavu 1,F míra stavu 2,F míra průměrná,Precision stavu 0,Precision stavu 1,Precision stavu 2,Recall stavu 0,Recall stavu 1,Recall stavu 2
400,"(1, 1, 1, 1, 1)","[[4, 6], [8, 10], [12, 14, 16], range(5, 17)]",0.791924454575057,639,0.7735004476275739,0.7380645161290322,0.8183849345675072,0.7766499661080376,0.7303465765004227,0.8101983002832861,0.8351791530944626,0.8220742150333016,0.6777251184834123,0.8022528160200251
