n_estim,Kombinace rysů,délky úseku,Accuracy,Chyby,F míra stavu 0,F míra stavu 1,F míra stavu 2,F míra průměrná,Precision stavu 0,Precision stavu 1,Precision stavu 2,Recall stavu 0,Recall stavu 1,Recall stavu 2
400,"(1, 1, 1, 1, 1)","[[4, 6], [8, 10], [12, 14, 16], range(5, 17)]",0.6335347432024169,1213,0.4713656387665198,0.6797274275979557,0.6721649484536083,0.607752671606028,0.4579172610556348,0.8036253776435045,0.6051980198019802,0.4856278366111952,0.588929889298893,0.7557959814528593
