n_estim,Kombinace rysů,délky úseku,Accuracy,Chyby,F míra stavu 0,F míra stavu 1,F míra stavu 2,F míra průměrná,Precision stavu 0,Precision stavu 1,Precision stavu 2,Recall stavu 0,Recall stavu 1,Recall stavu 2
400,"(1, 1, 1, 1, 1)","[[4, 6], [8, 10], [12, 14, 16], range(5, 17)]",0.7919143876337693,700,0.8620173600718348,0.6349431818181818,0.7852450732693279,0.7607352050531148,0.9213051823416507,0.4675732217573222,0.919526627218935,0.8098987626546682,0.9889380530973452,0.6851851851851852
