n_estim,Kombinace rysů,délky úseku,Accuracy,Chyby,F míra stavu 0,F míra stavu 1,F míra stavu 2,F míra průměrná,Precision stavu 0,Precision stavu 1,Precision stavu 2,Recall stavu 0,Recall stavu 1,Recall stavu 2
400,"(1, 1, 1, 1, 1)","[[4, 6], [8, 10], [12, 14, 16], range(5, 17)]",0.9681663837011885,75,0.9786780383795309,0.9778761061946902,0.5967741935483871,0.8511094460408694,0.9870967741935484,0.9895522388059701,0.43023255813953487,0.9704016913319239,0.9664723032069971,0.9736842105263158
