n_estim,Kombinace rysů,délky úseku,Accuracy,Chyby,F míra stavu 0,F míra stavu 1,F míra stavu 2,F míra průměrná,Precision stavu 0,Precision stavu 1,Precision stavu 2,Recall stavu 0,Recall stavu 1,Recall stavu 2
1000,"(1, 1, 1, 1, 1)","[[4, 6], [8, 10], [12, 14, 16], range(5, 17)]",0.8736344847948037,428,0.8851974898486527,0.9049645390070922,0.8451977401129943,0.878453256322913,0.9599679743795037,0.9219653179190751,0.7759336099585062,0.8212328767123288,0.8885793871866295,0.9280397022332506
