n_estim,Kombinace rysů,délky úseku,Accuracy,Chyby,F míra stavu 0,F míra stavu 1,F míra stavu 2,F míra průměrná,Precision stavu 0,Precision stavu 1,Precision stavu 2,Recall stavu 0,Recall stavu 1,Recall stavu 2
1000,"(1, 1, 1, 1, 1)","[[4, 6], [8, 10], [12, 14, 16], range(5, 17)]",0.861531190926276,293,0.8891269416175683,0.8627450980392157,0.8298001211387038,0.8605573869318294,0.8783068783068783,0.8876080691642652,0.8313106796116505,0.9002169197396963,0.8392370572207084,0.8282950423216445
