n_estim,Kombinace rysů,délky úseku,Accuracy,Chyby,F míra stavu 0,F míra stavu 1,F míra stavu 2,F míra průměrná,Precision stavu 0,Precision stavu 1,Precision stavu 2,Recall stavu 0,Recall stavu 1,Recall stavu 2
400,"(1, 1, 1, 1, 1)","[[4, 6], [8, 10], [12, 14, 16], range(5, 17)]",0.9376315789473684,237,0.9455847255369928,0.9504830917874396,0.16326530612244897,0.6864443744822939,0.9062214089661482,0.9862155388471178,0.4444444444444444,0.9885229540918163,0.9172494172494172,0.1
