n_estim,Kombinace rysů,délky úseku,Accuracy,Chyby,F míra stavu 0,F míra stavu 1,F míra stavu 2,F míra průměrná,Precision stavu 0,Precision stavu 1,Precision stavu 2,Recall stavu 0,Recall stavu 1,Recall stavu 2
1000,custom,custom,0.8464961067853171,552,0.8686591719221278,0.9036697247706422,0.7976056864945754,0.8566448610624485,0.9020501138952164,0.8934240362811792,0.7619728377412437,0.8376520359598096,0.91415313225058,0.8367346938775511
