n_estim,Kombinace rysů,délky úseku,Accuracy,Chyby,F míra stavu 0,F míra stavu 1,F míra stavu 2,F míra průměrná,Precision stavu 0,Precision stavu 1,Precision stavu 2,Recall stavu 0,Recall stavu 1,Recall stavu 2
400,custom,custom,0.6359516616314199,1205,0.41496118560338746,0.7074202229911573,0.684857801691007,0.6024130700951839,0.3888888888888889,0.7383627608346709,0.6811926605504587,0.44478063540090773,0.6789667896678967,0.6885625965996909
