n_estim,Kombinace rysů,délky úseku,Accuracy,Chyby,F míra stavu 0,F míra stavu 1,F míra stavu 2,F míra průměrná,Precision stavu 0,Precision stavu 1,Precision stavu 2,Recall stavu 0,Recall stavu 1,Recall stavu 2
400,custom,custom,0.748513674197384,846,0.8259587020648967,0.6148459383753502,0.7109947643979058,0.7172664682793842,0.8684863523573201,0.44979508196721313,0.875,0.7874015748031497,0.9712389380530974,0.5987654320987654
