n_estim,Kombinace rysů,délky úseku,Accuracy,Chyby,F míra stavu 0,F míra stavu 1,F míra stavu 2,F míra průměrná,Precision stavu 0,Precision stavu 1,Precision stavu 2,Recall stavu 0,Recall stavu 1,Recall stavu 2
400,custom,custom,0.8109010011123471,680,0.8727173616789315,0.77079107505071,0.737091052424123,0.7935331630512549,0.9004499437570304,0.6846846846846847,0.7403008709422011,0.846641988365944,0.8816705336426914,0.7339089481946625
