n_estim,Kombinace rysů,délky úseku,Accuracy,Chyby,F míra stavu 0,F míra stavu 1,F míra stavu 2,F míra průměrná,Precision stavu 0,Precision stavu 1,Precision stavu 2,Recall stavu 0,Recall stavu 1,Recall stavu 2
1000,custom,custom,0.935,247,0.9430545627829402,0.9444275736410568,0.34545454545454546,0.7443122272928475,0.9024167806657547,0.9860494610019024,0.6333333333333333,0.9875249500998003,0.9061771561771562,0.2375
