n_estim,Kombinace rysů,délky úseku,Accuracy,Chyby,F míra stavu 0,F míra stavu 1,F míra stavu 2,F míra průměrná,Precision stavu 0,Precision stavu 1,Precision stavu 2,Recall stavu 0,Recall stavu 1,Recall stavu 2
400,custom,custom,0.9242105263157895,288,0.9349363507779349,0.9338235294117647,0.10638297872340426,0.6583809529710346,0.886058981233244,0.9844961240310077,0.35714285714285715,0.9895209580838323,0.8881118881118881,0.0625
