n_estim,Kombinace rysů,délky úseku,Accuracy,Chyby,F míra stavu 0,F míra stavu 1,F míra stavu 2,F míra průměrná,Precision stavu 0,Precision stavu 1,Precision stavu 2,Recall stavu 0,Recall stavu 1,Recall stavu 2
1000,custom,custom,0.9334210526315789,253,0.9417360285374554,0.9425007605719501,0.3333333333333333,0.7391900408142463,0.8995910949568378,0.9859961807765755,0.6428571428571429,0.9880239520958084,0.9026806526806527,0.225
