n_estim,Kombinace rysů,délky úseku,Accuracy,Chyby,F míra stavu 0,F míra stavu 1,F míra stavu 2,F míra průměrná,Precision stavu 0,Precision stavu 1,Precision stavu 2,Recall stavu 0,Recall stavu 1,Recall stavu 2
1000,custom,custom,0.8270321361058601,366,0.8512,0.8518518518518519,0.7891238670694865,0.830725239640446,0.8373557187827911,0.8925373134328358,0.788647342995169,0.8655097613882863,0.8147138964577657,0.7896009673518742
