n_estim,Kombinace rysů,délky úseku,Accuracy,Chyby,F míra stavu 0,F míra stavu 1,F míra stavu 2,F míra průměrná,Precision stavu 0,Precision stavu 1,Precision stavu 2,Recall stavu 0,Recall stavu 1,Recall stavu 2
400,custom,custom,0.845881310894597,522,0.8528890464374336,0.9045226130653267,0.80625,0.85455388650092,0.8839088905216752,0.9333333333333333,0.7638786084381939,0.8239726027397261,0.8774373259052924,0.8535980148883374
