n_estim,Kombinace rysů,délky úseku,Accuracy,Chyby,F míra stavu 0,F míra stavu 1,F míra stavu 2,F míra průměrná,Precision stavu 0,Precision stavu 1,Precision stavu 2,Recall stavu 0,Recall stavu 1,Recall stavu 2
400,custom,custom,0.9753820033955858,58,0.9846641988365944,0.9837758112094396,0.6055045871559633,0.8579815324006658,0.9851851851851852,0.9955223880597015,0.4647887323943662,0.9841437632135307,0.9723032069970845,0.868421052631579
