n_estim,Kombinace rysů,délky úseku,Accuracy,Chyby,F míra stavu 0,F míra stavu 1,F míra stavu 2,F míra průměrná,Precision stavu 0,Precision stavu 1,Precision stavu 2,Recall stavu 0,Recall stavu 1,Recall stavu 2
400,custom,custom,0.5232347616173808,1580,0.6588652482269504,0.44333748443337484,0.407811080835604,0.5033379378319763,0.5562874251497006,0.31814119749776587,0.8552380952380952,0.8078260869565217,0.731006160164271,0.26774001192605845
