n_estim,Kombinace rysů,délky úseku,Accuracy,Chyby,F míra stavu 0,F míra stavu 1,F míra stavu 2,F míra průměrná,Precision stavu 0,Precision stavu 1,Precision stavu 2,Recall stavu 0,Recall stavu 1,Recall stavu 2
400,custom,custom,0.9226315789473685,294,0.9316682375117813,0.9297163995067818,0.375,0.7454615456728543,0.8825892857142857,0.9869109947643979,0.65625,0.9865269461077845,0.8787878787878788,0.2625
