n_estim,Kombinace rysů,délky úseku,Accuracy,Chyby,F míra stavu 0,F míra stavu 1,F míra stavu 2,F míra průměrná,Precision stavu 0,Precision stavu 1,Precision stavu 2,Recall stavu 0,Recall stavu 1,Recall stavu 2
400,custom,custom,0.848243283141423,514,0.855929203539823,0.9041095890410958,0.8095238095238095,0.8565208673682427,0.8857142857142857,0.9372197309417041,0.7664449371766445,0.8280821917808219,0.8732590529247911,0.8577336641852771
