n_estim,Kombinace rysů,délky úseku,Accuracy,Chyby,F míra stavu 0,F míra stavu 1,F míra stavu 2,F míra průměrná,Precision stavu 0,Precision stavu 1,Precision stavu 2,Recall stavu 0,Recall stavu 1,Recall stavu 2
400,custom,custom,0.7469879518072289,777,0.7294552169898431,0.6772616136919315,0.7770740975300824,0.7279303094039523,0.7085201793721974,0.6994949494949495,0.7865384615384615,0.7516650808753568,0.6563981042654028,0.7678347934918648
