n_estim,Kombinace rysů,délky úseku,Accuracy,Chyby,F míra stavu 0,F míra stavu 1,F míra stavu 2,F míra průměrná,Precision stavu 0,Precision stavu 1,Precision stavu 2,Recall stavu 0,Recall stavu 1,Recall stavu 2
1000,custom,custom,0.8232514177693762,374,0.8461120174007613,0.853185595567867,0.7851585876720527,0.828152066880227,0.8484187568157033,0.8676056338028169,0.7772511848341233,0.8438177874186551,0.8392370572207084,0.7932285368802902
