n_estim,Kombinace rysů,délky úseku,Accuracy,Chyby,F míra stavu 0,F míra stavu 1,F míra stavu 2,F míra průměrná,Precision stavu 0,Precision stavu 1,Precision stavu 2,Recall stavu 0,Recall stavu 1,Recall stavu 2
1000,custom,custom,0.6425981873111782,1183,0.44949832775919735,0.7110772744575562,0.6861489191353083,0.6155748404506872,0.4028776978417266,0.7342767295597484,0.7117940199335548,0.5083207261724659,0.6892988929889299,0.6622874806800618
