n_estim,Kombinace rysů,délky úseku,Accuracy,Chyby,F míra stavu 0,F míra stavu 1,F míra stavu 2,F míra průměrná,Precision stavu 0,Precision stavu 1,Precision stavu 2,Recall stavu 0,Recall stavu 1,Recall stavu 2
400,custom,custom,0.7648632580261593,791,0.8461313868613138,0.6219426974143956,0.7254273504273504,0.7311671449010199,0.8797814207650273,0.45454545454545453,0.9200542005420054,0.8149606299212598,0.9845132743362832,0.5987654320987654
