n_estim,Kombinace rysů,délky úseku,Accuracy,Chyby,F míra stavu 0,F míra stavu 1,F míra stavu 2,F míra průměrná,Precision stavu 0,Precision stavu 1,Precision stavu 2,Recall stavu 0,Recall stavu 1,Recall stavu 2
400,custom,custom,0.9770797962648556,54,0.9836927932667018,0.9848652639350314,0.6470588235294118,0.8718722935770483,0.9790575916230366,0.9977561705310396,0.515625,0.9883720930232558,0.9723032069970845,0.868421052631579
