n_estim,Kombinace rysů,délky úseku,Accuracy,Chyby,F míra stavu 0,F míra stavu 1,F míra stavu 2,F míra průměrná,Precision stavu 0,Precision stavu 1,Precision stavu 2,Recall stavu 0,Recall stavu 1,Recall stavu 2
1000,custom,custom,0.5941460470730235,1345,0.6417910447761194,0.5405405405405406,0.5726299694189603,0.5849871849118734,0.5620915032679739,0.4260355029585799,0.7976570820021299,0.7478260869565218,0.7392197125256673,0.44663088849135363
