n_estim,Kombinace rysů,délky úseku,Accuracy,Chyby,F míra stavu 0,F míra stavu 1,F míra stavu 2,F míra průměrná,Precision stavu 0,Precision stavu 1,Precision stavu 2,Recall stavu 0,Recall stavu 1,Recall stavu 2
400,custom,custom,0.7541517421035493,755,0.7396423898822503,0.7010050251256281,0.7789059941041598,0.7398511363706795,0.6827697262479872,0.7459893048128342,0.8171821305841924,0.8068506184586108,0.6611374407582938,0.7440550688360451
