n_estim,Kombinace rysů,délky úseku,Accuracy,Chyby,F míra stavu 0,F míra stavu 1,F míra stavu 2,F míra průměrná,Precision stavu 0,Precision stavu 1,Precision stavu 2,Recall stavu 0,Recall stavu 1,Recall stavu 2
400,custom,custom,0.8500147623265427,508,0.8662952646239555,0.9002890173410405,0.8038125496425734,0.8567989438691898,0.8810198300283286,0.9354354354354354,0.773109243697479,0.852054794520548,0.8676880222841226,0.837055417700579
