n_estim,Kombinace rysů,délky úseku,Accuracy,Chyby,F míra stavu 0,F míra stavu 1,F míra stavu 2,F míra průměrná,Precision stavu 0,Precision stavu 1,Precision stavu 2,Recall stavu 0,Recall stavu 1,Recall stavu 2
400,"(1, 1, 1, 1, 1)","[[4, 6], [8, 10], [12, 14, 16], range(5, 17)]",0.8921023359288098,388,0.910896551724138,0.908235294117647,0.8619801251380199,0.8937039903266016,0.9521337946943483,0.9212410501193318,0.8115038115038115,0.8730830248545743,0.8955916473317865,0.9191522762951334
