n_estim,Kombinace rysů,délky úseku,Accuracy,Chyby,F míra stavu 0,F míra stavu 1,F míra stavu 2,F míra průměrná,Precision stavu 0,Precision stavu 1,Precision stavu 2,Recall stavu 0,Recall stavu 1,Recall stavu 2
1000,"(1, 1, 1, 1, 1)","[[4, 6], [8, 10], [12, 14, 16], range(5, 17)]",0.904489304007231,317,0.9130695443645084,0.8857545839210155,0.9033970276008493,0.9007403852954576,0.9332107843137255,0.8219895287958116,0.9219934994582882,0.8937793427230047,0.9602446483180428,0.8855359001040582
