n_estim,Kombinace rysů,délky úseku,Accuracy,Chyby,F míra stavu 0,F míra stavu 1,F míra stavu 2,F míra průměrná,Precision stavu 0,Precision stavu 1,Precision stavu 2,Recall stavu 0,Recall stavu 1,Recall stavu 2
1000,"(1, 1, 1, 1, 1)","[[4, 6], [8, 10], [12, 14, 16], range(5, 17)]",0.9386419416416689,225,0.9542302357836339,0.9522821576763485,0.8992172211350293,0.9352432048650039,0.9403189066059225,0.9089108910891089,0.9503619441571872,0.9685593618019709,1.0,0.8532961931290622
