n_estim,Kombinace rysů,délky úseku,Accuracy,Chyby,F míra stavu 0,F míra stavu 1,F míra stavu 2,F míra průměrná,Precision stavu 0,Precision stavu 1,Precision stavu 2,Recall stavu 0,Recall stavu 1,Recall stavu 2
1000,"(1, 1, 1, 1, 1)","[[4, 6], [8, 10], [12, 14, 16], range(5, 17)]",0.8907119021134594,393,0.910880262438491,0.9028571428571428,0.8589695374200828,0.8909023142385721,0.9428409734012451,0.8896396396396397,0.8245487364620938,0.8810153358011634,0.9164733178654292,0.8963893249607535
