n_estim,Kombinace rysů,délky úseku,Accuracy,Chyby,F míra stavu 0,F míra stavu 1,F míra stavu 2,F míra průměrná,Precision stavu 0,Precision stavu 1,Precision stavu 2,Recall stavu 0,Recall stavu 1,Recall stavu 2
400,"(1, 1, 1, 1, 1)","[[4, 6], [8, 10], [12, 14, 16], range(5, 17)]",0.9256171849951907,232,0.9561027837259101,0.8611111111111112,0.8914431673052363,0.9028856873807524,0.9706521739130435,0.7560975609756098,0.935656836461126,0.9419831223628692,1.0,0.8512195121951219
