n_estim,Kombinace rysů,délky úseku,Accuracy,Chyby,F míra stavu 0,F míra stavu 1,F míra stavu 2,F míra průměrná,Precision stavu 0,Precision stavu 1,Precision stavu 2,Recall stavu 0,Recall stavu 1,Recall stavu 2
400,custom,custom,0.7666468489892985,785,0.8391484328799527,0.6279569892473118,0.7401332649923117,0.7357462290398588,0.8846633416458853,0.46447507953340406,0.8837209302325582,0.7980877390326209,0.9690265486725663,0.63668430335097
