n_estim,Kombinace rysů,délky úseku,Accuracy,Chyby,F míra stavu 0,F míra stavu 1,F míra stavu 2,F míra průměrná,Precision stavu 0,Precision stavu 1,Precision stavu 2,Recall stavu 0,Recall stavu 1,Recall stavu 2
1000,custom,custom,0.8553948832035595,520,0.8771459227467812,0.9136690647482014,0.8060836501901141,0.8656328792283655,0.8900381056069678,0.9454094292803971,0.7817109144542773,0.8646218931782126,0.8839907192575406,0.8320251177394035
