n_estim,Kombinace rysů,délky úseku,Accuracy,Chyby,F míra stavu 0,F míra stavu 1,F míra stavu 2,F míra průměrná,Precision stavu 0,Precision stavu 1,Precision stavu 2,Recall stavu 0,Recall stavu 1,Recall stavu 2
400,custom,custom,0.8659235668789809,421,0.8938435940099834,0.9011857707509882,0.8019900497512438,0.8656731381707384,0.8749185667752443,0.9313725490196079,0.8116817724068479,0.9136054421768708,0.8728943338437979,0.7925270403146509
