n_estim,Kombinace rysů,délky úseku,Accuracy,Chyby,F míra stavu 0,F míra stavu 1,F míra stavu 2,F míra průměrná,Precision stavu 0,Precision stavu 1,Precision stavu 2,Recall stavu 0,Recall stavu 1,Recall stavu 2
1000,custom,custom,0.6122510561255281,1285,0.6408602150537634,0.5718954248366013,0.6006120887528692,0.6044559095477446,0.5451219512195122,0.47489823609226595,0.8377801494130203,0.7773913043478261,0.7186858316221766,0.468097793679189
