n_estim,Kombinace rysů,délky úseku,Accuracy,Chyby,F míra stavu 0,F míra stavu 1,F míra stavu 2,F míra průměrná,Precision stavu 0,Precision stavu 1,Precision stavu 2,Recall stavu 0,Recall stavu 1,Recall stavu 2
400,custom,custom,0.9352631578947368,246,0.9417330677290837,0.9491329479768786,0.3387096774193548,0.7431918977084391,0.9398608349900597,0.9415137614678899,0.4772727272727273,0.9436127744510978,0.9568764568764568,0.2625
