n_estim,Kombinace rysů,délky úseku,Accuracy,Chyby,F míra stavu 0,F míra stavu 1,F míra stavu 2,F míra průměrná,Precision stavu 0,Precision stavu 1,Precision stavu 2,Recall stavu 0,Recall stavu 1,Recall stavu 2
1000,custom,custom,0.9736842105263158,62,0.9830866807610994,0.9826376062061323,0.6017699115044248,0.8558313994905521,0.9830866807610994,0.9962546816479401,0.4533333333333333,0.9830866807610994,0.9693877551020408,0.8947368421052632
