n_estim,Kombinace rysů,délky úseku,Accuracy,Chyby,F míra stavu 0,F míra stavu 1,F míra stavu 2,F míra průměrná,Precision stavu 0,Precision stavu 1,Precision stavu 2,Recall stavu 0,Recall stavu 1,Recall stavu 2
400,custom,custom,0.7791319857312723,743,0.867231638418079,0.6524300441826215,0.7027322404371584,0.740797974345953,0.8711691259931895,0.488962472406181,0.9238505747126436,0.8633295838020247,0.9800884955752213,0.5670194003527337
