n_estim,Kombinace rysů,délky úseku,Accuracy,Chyby,F míra stavu 0,F míra stavu 1,F míra stavu 2,F míra průměrná,Precision stavu 0,Precision stavu 1,Precision stavu 2,Recall stavu 0,Recall stavu 1,Recall stavu 2
400,custom,custom,0.9282682512733447,169,0.9836065573770492,0.939684978870534,0.3119266055045872,0.74507271391739,0.9841269841269841,0.9935012185215272,0.18888888888888888,0.9830866807610994,0.891399416909621,0.8947368421052632
