n_estim,Kombinace rysů,délky úseku,Accuracy,Chyby,F míra stavu 0,F míra stavu 1,F míra stavu 2,F míra průměrná,Precision stavu 0,Precision stavu 1,Precision stavu 2,Recall stavu 0,Recall stavu 1,Recall stavu 2
400,custom,custom,0.9415789473684211,222,0.9492950779124413,0.956369982547993,0.25210084033613445,0.719255300265523,0.9411476213830309,0.9547038327526133,0.38461538461538464,0.9575848303393214,0.958041958041958,0.1875
