n_estim,Kombinace rysů,délky úseku,Accuracy,Chyby,F míra stavu 0,F míra stavu 1,F míra stavu 2,F míra průměrná,Precision stavu 0,Precision stavu 1,Precision stavu 2,Recall stavu 0,Recall stavu 1,Recall stavu 2
1000,custom,custom,0.6146650573325286,1277,0.6289779108947959,0.5844897959183674,0.6142020497803806,0.6092232521978479,0.5522682445759369,0.48509485094850946,0.795260663507109,0.7304347826086957,0.7351129363449692,0.5002981514609421
