n_estim,Kombinace rysů,délky úseku,Accuracy,Chyby,F míra stavu 0,F míra stavu 1,F míra stavu 2,F míra průměrná,Precision stavu 0,Precision stavu 1,Precision stavu 2,Recall stavu 0,Recall stavu 1,Recall stavu 2
400,custom,custom,0.8484427141268076,545,0.8730583824317086,0.8972602739726028,0.796281951975213,0.8555335361265081,0.8844275637547477,0.8831460674157303,0.7859327217125383,0.8619777895293496,0.9118329466357309,0.8069073783359497
