n_estim,Kombinace rysů,délky úseku,Accuracy,Chyby,F míra stavu 0,F míra stavu 1,F míra stavu 2,F míra průměrná,Precision stavu 0,Precision stavu 1,Precision stavu 2,Recall stavu 0,Recall stavu 1,Recall stavu 2
400,custom,custom,0.8598442714126807,504,0.8797638217928073,0.920332936979786,0.8121904761904762,0.8707624116543565,0.8931880108991825,0.9439024390243902,0.7890451517394522,0.866737176097303,0.8979118329466357,0.8367346938775511
