n_estim,Kombinace rysů,délky úseku,Accuracy,Chyby,F míra stavu 0,F míra stavu 1,F míra stavu 2,F míra průměrná,Precision stavu 0,Precision stavu 1,Precision stavu 2,Recall stavu 0,Recall stavu 1,Recall stavu 2
400,custom,custom,0.7717355910126994,701,0.7398148148148148,0.7112299465240641,0.8070500927643784,0.7526982847010858,0.7204688908926962,0.8159509202453987,0.7976772616136919,0.7602283539486203,0.6303317535545023,0.8166458072590739
