n_estim,Kombinace rysů,délky úseku,Accuracy,Chyby,F míra stavu 0,F míra stavu 1,F míra stavu 2,F míra průměrná,Precision stavu 0,Precision stavu 1,Precision stavu 2,Recall stavu 0,Recall stavu 1,Recall stavu 2
1000,custom,custom,0.5719033232628399,1417,0.43233312921004285,0.623398804440649,0.6124763705103969,0.5560694347203629,0.3631687242798354,0.7396149949341438,0.5995558845299778,0.5340393343419062,0.5387453874538746,0.6259659969088099
