n_estim,Kombinace rysů,délky úseku,Accuracy,Chyby,F míra stavu 0,F míra stavu 1,F míra stavu 2,F míra průměrná,Precision stavu 0,Precision stavu 1,Precision stavu 2,Recall stavu 0,Recall stavu 1,Recall stavu 2
1000,custom,custom,0.8432240921169176,531,0.8507200561995083,0.8984881209503239,0.8045705279747833,0.8512595683748718,0.8731074260994953,0.9299552906110283,0.7682468021068473,0.8294520547945206,0.8690807799442897,0.8444995864350703
