n_estim,Kombinace rysů,délky úseku,Accuracy,Chyby,F míra stavu 0,F míra stavu 1,F míra stavu 2,F míra průměrná,Precision stavu 0,Precision stavu 1,Precision stavu 2,Recall stavu 0,Recall stavu 1,Recall stavu 2
400,"(1, 1, 1, 1, 1)","[[4, 6], [8, 10], [12, 14, 16], range(5, 17)]",0.9275408784866944,226,0.9578441835645678,0.8620320855614974,0.8938906752411575,0.904588981455741,0.9692224622030238,0.7575187969924813,0.9455782312925171,0.9467299578059072,1.0,0.8475609756097561
