n_estim,Kombinace rysů,délky úseku,Accuracy,Chyby,F míra stavu 0,F míra stavu 1,F míra stavu 2,F míra průměrná,Precision stavu 0,Precision stavu 1,Precision stavu 2,Recall stavu 0,Recall stavu 1,Recall stavu 2
1000,"(1, 1, 1, 1, 1)","[[4, 6], [8, 10], [12, 14, 16], range(5, 17)]",0.8904458598726115,344,0.9218696690549301,0.884310618066561,0.8500239578342118,0.8854014149852342,0.9247091033538672,0.916256157635468,0.8289719626168224,0.919047619047619,0.8545176110260337,0.872173058013766
