n_estim,Kombinace rysů,délky úseku,Accuracy,Chyby,F míra stavu 0,F míra stavu 1,F míra stavu 2,F míra průměrná,Precision stavu 0,Precision stavu 1,Precision stavu 2,Recall stavu 0,Recall stavu 1,Recall stavu 2
1000,custom,custom,0.9294736842105263,268,0.9351689612015018,0.9468237999425122,0.2698412698412698,0.7172780103284279,0.9382219989954796,0.9342030629608622,0.3695652173913043,0.9321357285429142,0.9597902097902098,0.2125
