n_estim,Kombinace rysů,délky úseku,Accuracy,Chyby,F míra stavu 0,F míra stavu 1,F míra stavu 2,F míra průměrná,Precision stavu 0,Precision stavu 1,Precision stavu 2,Recall stavu 0,Recall stavu 1,Recall stavu 2
400,custom,custom,0.772294887039239,766,0.8421052631578947,0.6390704429920117,0.7446153846153846,0.7419303635884303,0.8823166974738139,0.4756756756756757,0.8897058823529411,0.8053993250843644,0.9734513274336283,0.6402116402116402
