n_estim,Kombinace rysů,délky úseku,Accuracy,Chyby,F míra stavu 0,F míra stavu 1,F míra stavu 2,F míra průměrná,Precision stavu 0,Precision stavu 1,Precision stavu 2,Recall stavu 0,Recall stavu 1,Recall stavu 2
400,custom,custom,0.9368421052631579,240,0.942643391521197,0.9532062391681109,0.3125,0.7361165435631026,0.942173479561316,0.9450171821305842,0.4166666666666667,0.9431137724550899,0.9615384615384616,0.25
