n_estim,Kombinace rysů,délky úseku,Accuracy,Chyby,F míra stavu 0,F míra stavu 1,F míra stavu 2,F míra průměrná,Precision stavu 0,Precision stavu 1,Precision stavu 2,Recall stavu 0,Recall stavu 1,Recall stavu 2
400,custom,custom,0.7504725897920604,528,0.7515633882888004,0.8427128427128427,0.7134831460674157,0.7692531256896863,0.7897252090800478,0.8957055214723927,0.6663168940188877,0.7169197396963124,0.7956403269754768,0.7678355501813785
