n_estim,Kombinace rysů,délky úseku,Accuracy,Chyby,F míra stavu 0,F míra stavu 1,F míra stavu 2,F míra průměrná,Precision stavu 0,Precision stavu 1,Precision stavu 2,Recall stavu 0,Recall stavu 1,Recall stavu 2
1000,custom,custom,0.7753174861608596,690,0.7480708125283704,0.7236315086782377,0.806269592476489,0.759323971227699,0.7152777777777778,0.8287461773700305,0.8077889447236181,0.7840152235965747,0.6421800947867299,0.804755944931164
