n_estim,Kombinace rysů,délky úseku,Accuracy,Chyby,F míra stavu 0,F míra stavu 1,F míra stavu 2,F míra průměrná,Precision stavu 0,Precision stavu 1,Precision stavu 2,Recall stavu 0,Recall stavu 1,Recall stavu 2
1000,custom,custom,0.8585987261146497,444,0.8867421718854097,0.8892405063291139,0.7974180734856008,0.8578002505667081,0.868798955613577,0.9198036006546645,0.8054162487462387,0.9054421768707483,0.8606431852986217,0.7895771878072763
