n_estim,Kombinace rysů,délky úseku,Accuracy,Chyby,F míra stavu 0,F míra stavu 1,F míra stavu 2,F míra průměrná,Precision stavu 0,Precision stavu 1,Precision stavu 2,Recall stavu 0,Recall stavu 1,Recall stavu 2
1000,custom,custom,0.6048338368580061,1308,0.47547683923705725,0.6508210890233362,0.6342494714587738,0.5868491332397224,0.43246592317224286,0.7851929092805006,0.582901554404145,0.5279878971255674,0.555719557195572,0.6955177743431221
