n_estim,Kombinace rysů,délky úseku,Accuracy,Chyby,F míra stavu 0,F míra stavu 1,F míra stavu 2,F míra průměrná,Precision stavu 0,Precision stavu 1,Precision stavu 2,Recall stavu 0,Recall stavu 1,Recall stavu 2
1000,custom,custom,0.7657550535077289,788,0.8321513002364066,0.6391304347826087,0.7403258655804481,0.7372025335331545,0.8767123287671232,0.47521551724137934,0.8759036144578313,0.7919010123734533,0.9756637168141593,0.6410934744268078
