n_estim,Kombinace rysů,délky úseku,Accuracy,Chyby,F míra stavu 0,F míra stavu 1,F míra stavu 2,F míra průměrná,Precision stavu 0,Precision stavu 1,Precision stavu 2,Recall stavu 0,Recall stavu 1,Recall stavu 2
400,custom,custom,0.7779225008140671,682,0.7477231329690346,0.7357237715803453,0.808643908549953,0.7640302710331109,0.7170305676855895,0.8368580060422961,0.8094043887147335,0.7811607992388202,0.6563981042654028,0.8078848560700876
