n_estim,Kombinace rysů,délky úseku,Accuracy,Chyby,F míra stavu 0,F míra stavu 1,F míra stavu 2,F míra průměrná,Precision stavu 0,Precision stavu 1,Precision stavu 2,Recall stavu 0,Recall stavu 1,Recall stavu 2
1000,custom,custom,0.826797385620915,477,0.8229493500672345,0.863265306122449,0.8149760557248585,0.8337302373048474,0.7303102625298329,0.9591836734693877,0.8863636363636364,0.9425051334702259,0.7847866419294991,0.7542304593070105
