n_estim,Kombinace rysů,délky úseku,Accuracy,Chyby,F míra stavu 0,F míra stavu 1,F míra stavu 2,F míra průměrná,Precision stavu 0,Precision stavu 1,Precision stavu 2,Recall stavu 0,Recall stavu 1,Recall stavu 2
400,custom,custom,0.8529672276350753,498,0.856353591160221,0.9098651525904897,0.8165249088699879,0.8609145508735662,0.8635097493036211,0.9276410998552822,0.8,0.8493150684931506,0.8927576601671309,0.8337468982630273
