n_estim,Kombinace rysů,délky úseku,Accuracy,Chyby,F míra stavu 0,F míra stavu 1,F míra stavu 2,F míra průměrná,Precision stavu 0,Precision stavu 1,Precision stavu 2,Recall stavu 0,Recall stavu 1,Recall stavu 2
400,custom,custom,0.8848808030112923,367,0.9289489136817382,0.8810051736881005,0.795299938157081,0.8684180085089732,0.9024529378208785,0.8198074277854195,0.9081920903954802,0.957047791893527,0.952076677316294,0.7073707370737073
