n_estim,Kombinace rysů,délky úseku,Accuracy,Chyby,F míra stavu 0,F míra stavu 1,F míra stavu 2,F míra průměrná,Precision stavu 0,Precision stavu 1,Precision stavu 2,Recall stavu 0,Recall stavu 1,Recall stavu 2
400,custom,custom,0.7707076247942951,836,0.8604047742605085,0.8169291338582677,0.45803698435277385,0.7117902974905167,0.8662486938349008,0.7742537313432836,0.48787878787878786,0.8546391752577319,0.8645833333333334,0.4316353887399464
