n_estim,Kombinace rysů,délky úseku,Accuracy,Chyby,F míra stavu 0,F míra stavu 1,F míra stavu 2,F míra průměrná,Precision stavu 0,Precision stavu 1,Precision stavu 2,Recall stavu 0,Recall stavu 1,Recall stavu 2
400,custom,custom,0.7772901810202962,812,0.9130328867235079,0.7240105540897097,0.4241486068111455,0.6870640158747877,0.8655889145496536,0.7336898395721925,0.5018315018315018,0.965979381443299,0.7145833333333333,0.3672922252010724
