n_estim,Kombinace rysů,délky úseku,Accuracy,Chyby,F míra stavu 0,F míra stavu 1,F míra stavu 2,F míra průměrná,Precision stavu 0,Precision stavu 1,Precision stavu 2,Recall stavu 0,Recall stavu 1,Recall stavu 2
1000,custom,custom,0.7496309418364334,848,0.8758085381630013,0.718801996672213,0.5715806279936136,0.7220637209429426,0.8296568627450981,0.5972350230414747,0.8014925373134328,0.9273972602739726,0.9025069637883009,0.4441687344913151
