n_estim,Kombinace rysů,délky úseku,Accuracy,Chyby,F míra stavu 0,F míra stavu 1,F míra stavu 2,F míra průměrná,Precision stavu 0,Precision stavu 1,Precision stavu 2,Recall stavu 0,Recall stavu 1,Recall stavu 2
400,custom,custom,0.7818380147259341,800,0.9203073545554336,0.6561797752808989,0.46121883656509693,0.6792353221338098,0.8646864686468647,0.5,0.9073569482288828,0.983575786015955,0.954248366013072,0.30919220055710306
