n_estim,Kombinace rysů,délky úseku,Accuracy,Chyby,F míra stavu 0,F míra stavu 1,F míra stavu 2,F míra průměrná,Precision stavu 0,Precision stavu 1,Precision stavu 2,Recall stavu 0,Recall stavu 1,Recall stavu 2
400,custom,custom,0.888,336,0.937066814527308,0.8489208633093526,0.7901408450704225,0.8587095076356944,0.93732667775929,0.7522768670309654,0.8657407407407407,0.9368070953436807,0.9740566037735849,0.7266839378238342
