n_estim,Kombinace rysů,délky úseku,Accuracy,Chyby,F míra stavu 0,F míra stavu 1,F míra stavu 2,F míra průměrná,Precision stavu 0,Precision stavu 1,Precision stavu 2,Recall stavu 0,Recall stavu 1,Recall stavu 2
400,custom,custom,0.8562808557323094,524,0.8972250770811921,0.8779968034096963,0.7248850952068286,0.833368991899239,0.8944672131147541,0.8985823336968375,0.7104247104247104,0.9,0.8583333333333333,0.739946380697051
