n_estim,Kombinace rysů,délky úseku,Accuracy,Chyby,F míra stavu 0,F míra stavu 1,F míra stavu 2,F míra průměrná,Precision stavu 0,Precision stavu 1,Precision stavu 2,Recall stavu 0,Recall stavu 1,Recall stavu 2
400,custom,custom,0.902645214071448,357,0.927264614011602,0.9461697722567288,0.8218451749734889,0.8984265204139398,0.8838792003402808,0.9013806706114399,0.957972805933251,0.9751290473955889,0.9956427015250545,0.7195914577530177
