n_estim,Kombinace rysů,délky úseku,Accuracy,Chyby,F míra stavu 0,F míra stavu 1,F míra stavu 2,F míra průměrná,Precision stavu 0,Precision stavu 1,Precision stavu 2,Recall stavu 0,Recall stavu 1,Recall stavu 2
400,custom,custom,0.8459399332591768,554,0.8703752994410434,0.9023569023569024,0.7900943396226415,0.8542755138068624,0.8762057877813505,0.8739130434782608,0.7913385826771654,0.8646218931782126,0.9327146171693735,0.7888540031397174
