n_estim,Kombinace rysů,délky úseku,Accuracy,Chyby,F míra stavu 0,F míra stavu 1,F míra stavu 2,F míra průměrná,Precision stavu 0,Precision stavu 1,Precision stavu 2,Recall stavu 0,Recall stavu 1,Recall stavu 2
400,custom,custom,0.8983648605322219,317,0.9386375455018201,0.8562162162162162,0.8193592365371506,0.871404332751729,0.9256410256410257,0.7586206896551724,0.9289026275115919,0.9520042194092827,0.9826302729528535,0.7329268292682927
