n_estim,Kombinace rysů,délky úseku,Accuracy,Chyby,F míra stavu 0,F míra stavu 1,F míra stavu 2,F míra průměrná,Precision stavu 0,Precision stavu 1,Precision stavu 2,Recall stavu 0,Recall stavu 1,Recall stavu 2
1000,custom,custom,0.8055403181568842,709,0.9132665526508673,0.7871162556618017,0.47194719471947194,0.7241100010107137,0.8680910357640501,0.7614410905550146,0.6137339055793991,0.9634020618556701,0.8145833333333333,0.38337801608579086
