n_estim,Kombinace rysů,délky úseku,Accuracy,Chyby,F míra stavu 0,F míra stavu 1,F míra stavu 2,F míra průměrná,Precision stavu 0,Precision stavu 1,Precision stavu 2,Recall stavu 0,Recall stavu 1,Recall stavu 2
1000,custom,custom,0.787,639,0.9254398212789724,0.6242884250474383,0.5494505494505495,0.6997262652589867,0.9324704558244232,0.5222222222222223,0.6323777403035413,0.9185144124168514,0.7759433962264151,0.48575129533678757
