n_estim,Kombinace rysů,délky úseku,Accuracy,Chyby,F míra stavu 0,F míra stavu 1,F míra stavu 2,F míra průměrná,Precision stavu 0,Precision stavu 1,Precision stavu 2,Recall stavu 0,Recall stavu 1,Recall stavu 2
400,custom,custom,0.89,330,0.9334076344385622,0.875,0.7934560327198364,0.8672878890527995,0.938375350140056,0.7942307692307692,0.837410071942446,0.9284922394678492,0.9740566037735849,0.7538860103626943
