n_estim,Kombinace rysů,délky úseku,Accuracy,Chyby,F míra stavu 0,F míra stavu 1,F míra stavu 2,F míra průměrná,Precision stavu 0,Precision stavu 1,Precision stavu 2,Recall stavu 0,Recall stavu 1,Recall stavu 2
400,custom,custom,0.8553948832035595,520,0.8789359391965255,0.9011235955056179,0.8067226890756303,0.8622607412592579,0.9029559397657557,0.8736383442265795,0.7857142857142857,0.8561607615018508,0.9303944315545244,0.8288854003139717
