n_estim,Kombinace rysů,délky úseku,Accuracy,Chyby,F míra stavu 0,F míra stavu 1,F míra stavu 2,F míra průměrná,Precision stavu 0,Precision stavu 1,Precision stavu 2,Recall stavu 0,Recall stavu 1,Recall stavu 2
400,custom,custom,0.7809581199156372,727,0.871242200794101,0.7501542257865516,0.6009389671361502,0.7407784645722675,0.8430296377607025,0.6287487073422957,0.8452830188679246,0.9014084507042254,0.9296636085626911,0.46618106139438087
