n_estim,Kombinace rysů,délky úseku,Accuracy,Chyby,F míra stavu 0,F míra stavu 1,F míra stavu 2,F míra průměrná,Precision stavu 0,Precision stavu 1,Precision stavu 2,Recall stavu 0,Recall stavu 1,Recall stavu 2
400,"(1, 1, 1, 1, 1)","[[4, 6], [8, 10], [12, 14, 16], range(5, 17)]",0.9026666666666666,292,0.9425550157187768,0.878625134264232,0.8280254777070064,0.8830685425633383,0.9728613569321534,0.8067061143984221,0.8145363408521303,0.914079822616408,0.964622641509434,0.8419689119170984
