n_estim,Kombinace rysů,délky úseku,Accuracy,Chyby,F míra stavu 0,F míra stavu 1,F míra stavu 2,F míra průměrná,Precision stavu 0,Precision stavu 1,Precision stavu 2,Recall stavu 0,Recall stavu 1,Recall stavu 2
400,"(1, 1, 1, 1, 1)","[[4, 6], [8, 10], [12, 14, 16], range(5, 17)]",0.9189473684210526,308,0.9291784702549575,0.9298733395118938,0.2992125984251969,0.7194214693973494,0.8817204301075269,0.9894806048652203,0.40425531914893614,0.9820359281437125,0.877039627039627,0.2375
