n_estim,Kombinace rysů,délky úseku,Accuracy,Chyby,F míra stavu 0,F míra stavu 1,F míra stavu 2,F míra průměrná,Precision stavu 0,Precision stavu 1,Precision stavu 2,Recall stavu 0,Recall stavu 1,Recall stavu 2
400,"(1, 1, 1, 1, 1)","[[4, 6], [8, 10], [12, 14, 16], range(5, 17)]",0.8550955414012739,455,0.8900592495062541,0.8161209068010076,0.825938566552901,0.8440395742867208,0.8622448979591837,0.9033457249070632,0.8191489361702128,0.9197278911564626,0.7442572741194488,0.8328416912487709
