n_estim,Kombinace rysů,délky úseku,Accuracy,Chyby,F míra stavu 0,F míra stavu 1,F míra stavu 2,F míra průměrná,Precision stavu 0,Precision stavu 1,Precision stavu 2,Recall stavu 0,Recall stavu 1,Recall stavu 2
1000,"(1, 1, 1, 1, 1)","[[4, 6], [8, 10], [12, 14, 16], range(5, 17)]",0.8016932595245848,609,0.7765151515151515,0.7396907216494846,0.832821143208359,0.7830090054576649,0.7728557964184731,0.8107344632768362,0.8182367149758454,0.780209324452902,0.6800947867298578,0.8479349186483104
