n_estim,Kombinace rysů,délky úseku,Accuracy,Chyby,F míra stavu 0,F míra stavu 1,F míra stavu 2,F míra průměrná,Precision stavu 0,Precision stavu 1,Precision stavu 2,Recall stavu 0,Recall stavu 1,Recall stavu 2
400,"(1, 1, 1, 1, 1)","[[4, 6], [8, 10], [12, 14, 16], range(5, 17)]",0.8888219343175655,369,0.9011715229798738,0.88,0.8737558931377685,0.8849758053725475,0.9230769230769231,0.8257372654155496,0.879746835443038,0.8802816901408451,0.9418960244648318,0.8678459937565036
