n_estim,Kombinace rysů,délky úseku,Accuracy,Chyby,F míra stavu 0,F míra stavu 1,F míra stavu 2,F míra průměrná,Precision stavu 0,Precision stavu 1,Precision stavu 2,Recall stavu 0,Recall stavu 1,Recall stavu 2
400,"(1, 1, 1, 1, 1)","[[4, 6], [8, 10], [12, 14, 16], range(5, 17)]",0.9273684210526316,276,0.9362710258232646,0.9375,0.3130434782608696,0.7289381680280447,0.8912945421741092,0.9883720930232558,0.5142857142857142,0.9860279441117764,0.8916083916083916,0.225
