n_estim,Kombinace rysů,délky úseku,Accuracy,Chyby,F míra stavu 0,F míra stavu 1,F míra stavu 2,F míra průměrná,Precision stavu 0,Precision stavu 1,Precision stavu 2,Recall stavu 0,Recall stavu 1,Recall stavu 2
400,"(1, 1, 1, 1, 1)","[[4, 6], [8, 10], [12, 14, 16], range(5, 17)]",0.6419939577039275,1185,0.4979973297730307,0.6940298507462687,0.6752767527675276,0.6224346444289424,0.44563918757467147,0.7918637653736992,0.6461864406779662,0.5642965204236006,0.6177121771217712,0.7071097372488409
