n_estim,Kombinace rysů,délky úseku,Accuracy,Chyby,F míra stavu 0,F míra stavu 1,F míra stavu 2,F míra průměrná,Precision stavu 0,Precision stavu 1,Precision stavu 2,Recall stavu 0,Recall stavu 1,Recall stavu 2
400,"(1, 1, 1, 1, 1)","[[4, 6], [8, 10], [12, 14, 16], range(5, 17)]",0.903387703889586,308,0.9423769507803121,0.8925373134328358,0.8356807511737089,0.8901983384622856,0.935080405002978,0.8375350140056023,0.8955974842767296,0.9497882637628554,0.9552715654952076,0.7832783278327833
