n_estim,Kombinace rysů,délky úseku,Accuracy,Chyby,F míra stavu 0,F míra stavu 1,F míra stavu 2,F míra průměrná,Precision stavu 0,Precision stavu 1,Precision stavu 2,Recall stavu 0,Recall stavu 1,Recall stavu 2
400,"(1, 1, 1, 1, 1)","[[4, 6], [8, 10], [12, 14, 16], range(5, 17)]",0.8700915264245646,440,0.8800588668138337,0.901067615658363,0.8434552998868352,0.8748605941196773,0.9507154213036566,0.9213973799126638,0.7753120665742025,0.8191780821917808,0.8816155988857939,0.9247311827956989
