n_estim,Kombinace rysů,délky úseku,Accuracy,Chyby,F míra stavu 0,F míra stavu 1,F míra stavu 2,F míra průměrná,Precision stavu 0,Precision stavu 1,Precision stavu 2,Recall stavu 0,Recall stavu 1,Recall stavu 2
400,"(1, 1, 1, 1, 1)","[[4, 6], [8, 10], [12, 14, 16], range(5, 17)]",0.7886444708680143,711,0.8530293941211757,0.6375982844889206,0.7869674185463659,0.7591983657188207,0.9138817480719794,0.470960929250264,0.9117305458768873,0.7997750281214848,0.9867256637168141,0.6922398589065256
