n_estim,Kombinace rysů,délky úseku,Accuracy,Chyby,F míra stavu 0,F míra stavu 1,F míra stavu 2,F míra průměrná,Precision stavu 0,Precision stavu 1,Precision stavu 2,Recall stavu 0,Recall stavu 1,Recall stavu 2
400,"(1, 1, 1, 1, 1)","[[4, 6], [8, 10], [12, 14, 16], range(5, 17)]",0.904489304007231,317,0.9134844868735084,0.8846426043878273,0.9033635878270155,0.9004968930294504,0.929004854368932,0.8234519104084321,0.9276315789473685,0.8984741784037559,0.9556574923547401,0.8803329864724245
