n_estim,Kombinace rysů,délky úseku,Accuracy,Chyby,F míra stavu 0,F míra stavu 1,F míra stavu 2,F míra průměrná,Precision stavu 0,Precision stavu 1,Precision stavu 2,Recall stavu 0,Recall stavu 1,Recall stavu 2
1000,"(1, 1, 1, 1, 1)","[[4, 6], [8, 10], [12, 14, 16], range(5, 17)]",0.9745331069609507,60,0.9862433862433863,0.9811320754716981,0.6386554621848739,0.8686769746333195,0.9872881355932204,0.9962434259954921,0.4691358024691358,0.985200845665962,0.9664723032069971,1.0
