n_estim,Kombinace rysů,délky úseku,Accuracy,Chyby,F míra stavu 0,F míra stavu 1,F míra stavu 2,F míra průměrná,Precision stavu 0,Precision stavu 1,Precision stavu 2,Recall stavu 0,Recall stavu 1,Recall stavu 2
400,"(1, 1, 1, 1, 1)","[[4, 6], [8, 10], [12, 14, 16], range(5, 17)]",0.890016456390565,401,0.929471032745592,0.892225201072386,0.7796842827728209,0.8671268388635996,0.9088669950738916,0.9193370165745857,0.7988748241912799,0.9510309278350515,0.8666666666666667,0.7613941018766756
