n_estim,Kombinace rysů,délky úseku,Accuracy,Chyby,F míra stavu 0,F míra stavu 1,F míra stavu 2,F míra průměrná,Precision stavu 0,Precision stavu 1,Precision stavu 2,Recall stavu 0,Recall stavu 1,Recall stavu 2
1000,"(1, 1, 1, 1, 1)","[[4, 6], [8, 10], [12, 14, 16], range(5, 17)]",0.9066666666666666,280,0.9445407279029463,0.8833693304535637,0.8387096774193549,0.8888732452586217,0.9861278648974668,0.8147410358565738,0.8047619047619048,0.906319290465632,0.964622641509434,0.8756476683937824
