n_estim,Kombinace rysů,délky úseku,Accuracy,Chyby,F míra stavu 0,F míra stavu 1,F míra stavu 2,F míra průměrná,Precision stavu 0,Precision stavu 1,Precision stavu 2,Recall stavu 0,Recall stavu 1,Recall stavu 2
1000,"(1, 1, 1, 1, 1)","[[4, 6], [8, 10], [12, 14, 16], range(5, 17)]",0.8834394904458599,366,0.9163879598662207,0.8589846897663175,0.8501708150317228,0.8751811548880869,0.9013157894736842,0.9064625850340136,0.8439922480620154,0.9319727891156463,0.8162327718223583,0.856440511307768
