n_estim,Kombinace rysů,délky úseku,Accuracy,Chyby,F míra stavu 0,F míra stavu 1,F míra stavu 2,F míra průměrná,Precision stavu 0,Precision stavu 1,Precision stavu 2,Recall stavu 0,Recall stavu 1,Recall stavu 2
400,"(1, 1, 1, 1, 1)","[[4, 6], [8, 10], [12, 14, 16], range(5, 17)]",0.8961783439490446,326,0.9238683127572016,0.8976377952755905,0.8567335243553008,0.8927465441293644,0.9315352697095436,0.9238249594813615,0.8328690807799443,0.9163265306122449,0.8728943338437979,0.8820058997050148
