n_estim,Kombinace rysů,délky úseku,Accuracy,Chyby,F míra stavu 0,F míra stavu 1,F míra stavu 2,F míra průměrná,Precision stavu 0,Precision stavu 1,Precision stavu 2,Recall stavu 0,Recall stavu 1,Recall stavu 2
400,"(1, 1, 1, 1, 1)","[[4, 6], [8, 10], [12, 14, 16], range(5, 17)]",0.8468809073724007,324,0.8708288482238966,0.8640226628895185,0.8129496402877698,0.8492670504670615,0.8643162393162394,0.8997050147492626,0.8061831153388823,0.8774403470715835,0.8310626702997275,0.8198307134220073
