n_estim,Kombinace rysů,délky úseku,Accuracy,Chyby,F míra stavu 0,F míra stavu 1,F míra stavu 2,F míra průměrná,Precision stavu 0,Precision stavu 1,Precision stavu 2,Recall stavu 0,Recall stavu 1,Recall stavu 2
400,custom,custom,0.8605095541401274,438,0.8922273024167211,0.8694241686942417,0.8060453400503779,0.8558989370537802,0.8580402010050251,0.9241379310344827,0.8264462809917356,0.9292517006802721,0.8208269525267994,0.7866273352999017
