n_estim,Kombinace rysů,délky úseku,Accuracy,Chyby,F míra stavu 0,F míra stavu 1,F míra stavu 2,F míra průměrná,Precision stavu 0,Precision stavu 1,Precision stavu 2,Recall stavu 0,Recall stavu 1,Recall stavu 2
400,custom,custom,0.883939774153074,370,0.9213345576981941,0.8898809523809523,0.8101983002832861,0.8738046034541441,0.9324659231722429,0.8328690807799443,0.8352803738317757,0.9104658197217181,0.9552715654952076,0.7865786578657866
