n_estim,Kombinace rysů,délky úseku,Accuracy,Chyby,F míra stavu 0,F míra stavu 1,F míra stavu 2,F míra průměrná,Precision stavu 0,Precision stavu 1,Precision stavu 2,Recall stavu 0,Recall stavu 1,Recall stavu 2
400,custom,custom,0.915734933187892,309,0.9370025017057084,0.9445026178010472,0.8546922300706358,0.9120657831924638,0.9090909090909091,0.9092741935483871,0.9359116022099447,0.9666823087752229,0.9825708061002179,0.78644382544104
