n_estim,Kombinace rysů,délky úseku,Accuracy,Chyby,F míra stavu 0,F míra stavu 1,F míra stavu 2,F míra průměrná,Precision stavu 0,Precision stavu 1,Precision stavu 2,Recall stavu 0,Recall stavu 1,Recall stavu 2
400,custom,custom,0.8851944792973652,366,0.9196239005156203,0.8964992389649924,0.8124645892351274,0.8761959095719133,0.9221411192214112,0.8561046511627907,0.8376168224299065,0.9171203871748337,0.9408945686900958,0.7887788778877888
