n_estim,Kombinace rysů,délky úseku,Accuracy,Chyby,F míra stavu 0,F míra stavu 1,F míra stavu 2,F míra průměrná,Precision stavu 0,Precision stavu 1,Precision stavu 2,Recall stavu 0,Recall stavu 1,Recall stavu 2
400,custom,custom,0.9006091696056429,310,0.9391714735186156,0.8535031847133758,0.8313090418353576,0.8746612333557829,0.9337851929092805,0.7458256029684601,0.9305135951661632,0.944620253164557,0.9975186104218362,0.751219512195122
