n_estim,Kombinace rysů,délky úseku,Accuracy,Chyby,F míra stavu 0,F míra stavu 1,F míra stavu 2,F míra průměrná,Precision stavu 0,Precision stavu 1,Precision stavu 2,Recall stavu 0,Recall stavu 1,Recall stavu 2
400,custom,custom,0.8866666666666667,340,0.9325084364454443,0.8630434782608696,0.7939632545931758,0.8631717230998298,0.9463470319634704,0.8004032258064516,0.8045212765957447,0.9190687361419069,0.9363207547169812,0.783678756476684
