n_estim,Kombinace rysů,délky úseku,Accuracy,Chyby,F míra stavu 0,F míra stavu 1,F míra stavu 2,F míra průměrná,Precision stavu 0,Precision stavu 1,Precision stavu 2,Recall stavu 0,Recall stavu 1,Recall stavu 2
1000,custom,custom,0.8945174735492145,329,0.9334381551362684,0.8418848167539267,0.8275391956373551,0.8676207225091833,0.9276041666666667,0.7282608695652174,0.9381761978361669,0.9393459915611815,0.9975186104218362,0.7402439024390244
