n_estim,Kombinace rysů,délky úseku,Accuracy,Chyby,F míra stavu 0,F míra stavu 1,F míra stavu 2,F míra průměrná,Precision stavu 0,Precision stavu 1,Precision stavu 2,Recall stavu 0,Recall stavu 1,Recall stavu 2
400,custom,custom,0.8492769744160178,542,0.8717397149771444,0.9032258064516129,0.799232245681382,0.8580659223700464,0.8867614879649891,0.897025171624714,0.7821187077385424,0.8572184029613961,0.9095127610208816,0.8171114599686028
