n_estim,Kombinace rysů,délky úseku,Accuracy,Chyby,F míra stavu 0,F míra stavu 1,F míra stavu 2,F míra průměrná,Precision stavu 0,Precision stavu 1,Precision stavu 2,Recall stavu 0,Recall stavu 1,Recall stavu 2
400,custom,custom,0.850111234705228,539,0.8743610438525693,0.89419795221843,0.800462249614792,0.856340415228597,0.8899233296823659,0.8772321428571429,0.7859304084720121,0.8593336858804865,0.9118329466357309,0.8155416012558869
