n_estim,Kombinace rysů,délky úseku,Accuracy,Chyby,F míra stavu 0,F míra stavu 1,F míra stavu 2,F míra průměrná,Precision stavu 0,Precision stavu 1,Precision stavu 2,Recall stavu 0,Recall stavu 1,Recall stavu 2
400,"(1, 1, 1, 1, 1)","[[4, 6], [8, 10], [12, 14, 16], range(5, 17)]",0.925552222525225,273,0.9437131184748071,0.9541666666666667,0.8709349593495935,0.9229382481636891,0.9138461538461539,0.9141716566866267,0.9618406285072951,0.975598310652276,0.9978213507625272,0.7957288765088208
