n_estim,Kombinace rysů,délky úseku,Accuracy,Chyby,F míra stavu 0,F míra stavu 1,F míra stavu 2,F míra průměrná,Precision stavu 0,Precision stavu 1,Precision stavu 2,Recall stavu 0,Recall stavu 1,Recall stavu 2
400,"(1, 1, 1, 1, 1)","[[4, 6], [8, 10], [12, 14, 16], range(5, 17)]",0.932097082083447,249,0.9475629475629476,0.955067920585162,0.888671875,0.9304342477160366,0.9331210191082803,0.9176706827309237,0.937178166838311,0.9624589394650399,0.9956427015250545,0.8449396471680595
