n_estim,Kombinace rysů,délky úseku,Accuracy,Chyby,F míra stavu 0,F míra stavu 1,F míra stavu 2,F míra průměrná,Precision stavu 0,Precision stavu 1,Precision stavu 2,Recall stavu 0,Recall stavu 1,Recall stavu 2
400,"(1, 1, 1, 1, 1)","[[4, 6], [8, 10], [12, 14, 16], range(5, 17)]",0.8983688833124216,324,0.934516523867809,0.8948545861297539,0.8341822297679683,0.8878511132551771,0.9455108359133126,0.8391608391608392,0.8589743589743589,0.9237749546279492,0.9584664536741214,0.8107810781078107
