n_estim,Kombinace rysů,délky úseku,Accuracy,Chyby,F míra stavu 0,F míra stavu 1,F míra stavu 2,F míra průměrná,Precision stavu 0,Precision stavu 1,Precision stavu 2,Recall stavu 0,Recall stavu 1,Recall stavu 2
400,"(1, 1, 1, 1, 1)","[[4, 6], [8, 10], [12, 14, 16], range(5, 17)]",0.9277338423779656,265,0.9455468389478542,0.9492227979274611,0.8796068796068796,0.9247921721607316,0.9300953245574217,0.9051383399209486,0.9342379958246346,0.9615204129516659,0.9978213507625272,0.8310120705663882
