n_estim,Kombinace rysů,délky úseku,Accuracy,Chyby,F míra stavu 0,F míra stavu 1,F míra stavu 2,F míra průměrná,Precision stavu 0,Precision stavu 1,Precision stavu 2,Recall stavu 0,Recall stavu 1,Recall stavu 2
400,"(1, 1, 1, 1, 1)","[[4, 6], [8, 10], [12, 14, 16], range(5, 17)]",0.9002509410288582,318,0.9383624655013799,0.8939955522609341,0.8346545866364666,0.8890042014662601,0.9514925373134329,0.8340248962655602,0.8599766627771295,0.925589836660617,0.963258785942492,0.8107810781078107
