n_estim,Kombinace rysů,délky úseku,Accuracy,Chyby,F míra stavu 0,F míra stavu 1,F míra stavu 2,F míra průměrná,Precision stavu 0,Precision stavu 1,Precision stavu 2,Recall stavu 0,Recall stavu 1,Recall stavu 2
400,"(1, 1, 1, 1, 1)","[[4, 6], [8, 10], [12, 14, 16], range(5, 17)]",0.840958605664488,438,0.8375,0.8879837067209776,0.8241469816272966,0.8498768961160913,0.740916271721959,0.9841986455981941,0.9014354066985646,0.9630390143737166,0.8089053803339518,0.7590652699435939
