n_estim,Kombinace rysů,délky úseku,Accuracy,Chyby,F míra stavu 0,F míra stavu 1,F míra stavu 2,F míra průměrná,Precision stavu 0,Precision stavu 1,Precision stavu 2,Recall stavu 0,Recall stavu 1,Recall stavu 2
400,"(1, 1, 1, 1, 1)","[[4, 6], [8, 10], [12, 14, 16], range(5, 17)]",0.8864115697499246,377,0.9006505026611472,0.876499647141849,0.867862969004894,0.88167103960263,0.9076281287246722,0.8138925294888598,0.908883826879271,0.8937793427230047,0.9495412844036697,0.8303850156087409
