n_estim,Kombinace rysů,délky úseku,Accuracy,Chyby,F míra stavu 0,F míra stavu 1,F míra stavu 2,F míra průměrná,Precision stavu 0,Precision stavu 1,Precision stavu 2,Recall stavu 0,Recall stavu 1,Recall stavu 2
400,"(1, 1, 1, 1, 1)","[[4, 6], [8, 10], [12, 14, 16], range(5, 17)]",0.8850795392210642,419,0.9264155649787977,0.8898582333696837,0.7646652864044169,0.8603130282509661,0.8975350410826486,0.9336384439359268,0.7880512091038406,0.9572164948453609,0.85,0.7426273458445041
