n_estim,Kombinace rysů,délky úseku,Accuracy,Chyby,F míra stavu 0,F míra stavu 1,F míra stavu 2,F míra průměrná,Precision stavu 0,Precision stavu 1,Precision stavu 2,Recall stavu 0,Recall stavu 1,Recall stavu 2
1000,"(1, 1, 1, 1, 1)","[[4, 6], [8, 10], [12, 14, 16], range(5, 17)]",0.9123333333333333,263,0.9485294117647058,0.8917470525187567,0.8412802090137165,0.893852224432393,0.9682448036951501,0.8172888015717092,0.8484848484848485,0.9296008869179601,0.9811320754716981,0.8341968911917098
