n_estim,Kombinace rysů,délky úseku,Accuracy,Chyby,F míra stavu 0,F míra stavu 1,F míra stavu 2,F míra průměrná,Precision stavu 0,Precision stavu 1,Precision stavu 2,Recall stavu 0,Recall stavu 1,Recall stavu 2
1000,"(1, 1, 1, 1, 1)","[[4, 6], [8, 10], [12, 14, 16], range(5, 17)]",0.8529411764705882,405,0.8506375227686703,0.8845760980592441,0.8418345477925417,0.8590160562068186,0.7643207855973814,0.9840909090909091,0.8992673992673993,0.9589322381930184,0.8033395176252319,0.7912973408541499
