n_estim,Kombinace rysů,délky úseku,Accuracy,Chyby,F míra stavu 0,F míra stavu 1,F míra stavu 2,F míra průměrná,Precision stavu 0,Precision stavu 1,Precision stavu 2,Recall stavu 0,Recall stavu 1,Recall stavu 2
400,custom,custom,0.8183187707140706,603,0.8463316002310803,0.7340425531914894,0.8258064516129032,0.8020602016784909,0.8333333333333334,0.729607250755287,0.8542825361512792,0.8597417840375586,0.7385321100917431,0.7991675338189386
