n_estim,Kombinace rysů,délky úseku,Accuracy,Chyby,F míra stavu 0,F míra stavu 1,F míra stavu 2,F míra průměrná,Precision stavu 0,Precision stavu 1,Precision stavu 2,Recall stavu 0,Recall stavu 1,Recall stavu 2
1000,custom,custom,0.8592978606692265,513,0.8977035490605428,0.8981333333333333,0.7205047318611988,0.838780538085025,0.9090909090909091,0.9202185792349726,0.6805721096543504,0.8865979381443299,0.8770833333333333,0.7654155495978552
