n_estim,Kombinace rysů,délky úseku,Accuracy,Chyby,F míra stavu 0,F míra stavu 1,F míra stavu 2,F míra průměrná,Precision stavu 0,Precision stavu 1,Precision stavu 2,Recall stavu 0,Recall stavu 1,Recall stavu 2
400,custom,custom,0.89,330,0.9338194054963544,0.8760869565217392,0.7952443857331571,0.8683835825837503,0.9449489216799092,0.8125,0.8113207547169812,0.9229490022172949,0.9504716981132075,0.7797927461139896
