n_estim,Kombinace rysů,délky úseku,Accuracy,Chyby,F míra stavu 0,F míra stavu 1,F míra stavu 2,F míra průměrná,Precision stavu 0,Precision stavu 1,Precision stavu 2,Recall stavu 0,Recall stavu 1,Recall stavu 2
400,custom,custom,0.8743597469117204,417,0.8896065766294774,0.8734982332155476,0.8464501926252064,0.8698516674900771,0.8901292596944771,0.812089356110381,0.8983644859813084,0.8890845070422535,0.944954128440367,0.8002081165452654
