n_estim,Kombinace rysů,délky úseku,Accuracy,Chyby,F míra stavu 0,F míra stavu 1,F míra stavu 2,F míra průměrná,Precision stavu 0,Precision stavu 1,Precision stavu 2,Recall stavu 0,Recall stavu 1,Recall stavu 2
400,custom,custom,0.8789209535759097,386,0.9200612557427259,0.8810572687224669,0.8004574042309891,0.8671919762320606,0.9317617866004962,0.8152173913043478,0.8333333333333334,0.9086509376890503,0.9584664536741214,0.77007700770077
