n_estim,Kombinace rysů,délky úseku,Accuracy,Chyby,F míra stavu 0,F míra stavu 1,F míra stavu 2,F míra průměrná,Precision stavu 0,Precision stavu 1,Precision stavu 2,Recall stavu 0,Recall stavu 1,Recall stavu 2
400,custom,custom,0.849,453,0.9052689052689052,0.7304964539007093,0.778001341381623,0.804588900183746,0.891877353415815,0.7322274881516587,0.8066759388038943,0.9190687361419069,0.7287735849056604,0.7512953367875648
