n_estim,Kombinace rysů,délky úseku,Accuracy,Chyby,F míra stavu 0,F míra stavu 1,F míra stavu 2,F míra průměrná,Precision stavu 0,Precision stavu 1,Precision stavu 2,Recall stavu 0,Recall stavu 1,Recall stavu 2
400,custom,custom,0.9022122475152292,305,0.9305555555555556,0.8794326241134752,0.8417553191489362,0.883914499605989,0.9081325301204819,0.8397291196388262,0.9254385964912281,0.9541139240506329,0.9230769230769231,0.7719512195121951
