n_estim,Kombinace rysů,délky úseku,Accuracy,Chyby,F míra stavu 0,F míra stavu 1,F míra stavu 2,F míra průměrná,Precision stavu 0,Precision stavu 1,Precision stavu 2,Recall stavu 0,Recall stavu 1,Recall stavu 2
400,custom,custom,0.8269336258913879,631,0.8837790552361909,0.7622185612300933,0.7523809523809524,0.7994595229490788,0.8578360019408054,0.8060394889663183,0.7638121546961326,0.911340206185567,0.7229166666666667,0.7412868632707775
