n_estim,Kombinace rysů,délky úseku,Accuracy,Chyby,F míra stavu 0,F míra stavu 1,F míra stavu 2,F míra průměrná,Precision stavu 0,Precision stavu 1,Precision stavu 2,Recall stavu 0,Recall stavu 1,Recall stavu 2
1000,custom,custom,0.8165605095541402,576,0.8606294155427103,0.7508417508417509,0.7866531850353893,0.7993747838066169,0.8150851581508516,0.8336448598130841,0.809573361082206,0.9115646258503401,0.6830015313935681,0.7649950835791544
