n_estim,Kombinace rysů,délky úseku,Accuracy,Chyby,F míra stavu 0,F míra stavu 1,F míra stavu 2,F míra průměrná,Precision stavu 0,Precision stavu 1,Precision stavu 2,Recall stavu 0,Recall stavu 1,Recall stavu 2
400,custom,custom,0.8970823982045527,321,0.9366823652537938,0.8453389830508474,0.8274456521739131,0.8698223334928515,0.9293873312564901,0.7375231053604436,0.9340490797546013,0.9440928270042194,0.9900744416873449,0.7426829268292683
