n_estim,Kombinace rysů,délky úseku,Accuracy,Chyby,F míra stavu 0,F míra stavu 1,F míra stavu 2,F míra průměrná,Precision stavu 0,Precision stavu 1,Precision stavu 2,Recall stavu 0,Recall stavu 1,Recall stavu 2
1000,custom,custom,0.8476527900797166,516,0.8539638386648123,0.8972503617945007,0.8131955484896661,0.8548032496496597,0.867231638418079,0.9337349397590361,0.782708492731446,0.8410958904109589,0.8635097493036211,0.8461538461538461
