n_estim,Kombinace rysů,délky úseku,Accuracy,Chyby,F míra stavu 0,F míra stavu 1,F míra stavu 2,F míra průměrná,Precision stavu 0,Precision stavu 1,Precision stavu 2,Recall stavu 0,Recall stavu 1,Recall stavu 2
400,custom,custom,0.8595541401273885,441,0.890487087283426,0.8674698795180723,0.8066801619433198,0.8548790429149394,0.8571428571428571,0.9121621621621622,0.8310740354535975,0.926530612244898,0.8269525267993875,0.783677482792527
