n_estim,Kombinace rysů,délky úseku,Accuracy,Chyby,F míra stavu 0,F míra stavu 1,F míra stavu 2,F míra průměrná,Precision stavu 0,Precision stavu 1,Precision stavu 2,Recall stavu 0,Recall stavu 1,Recall stavu 2
1000,custom,custom,0.8795483061480552,384,0.9204995431008224,0.8828297715549005,0.7995391705069125,0.8676228283875451,0.9269938650306748,0.8194254445964432,0.8391777509068924,0.9140955837870538,0.9568690095846646,0.7634763476347635
