n_estim,Kombinace rysů,délky úseku,Accuracy,Chyby,F míra stavu 0,F míra stavu 1,F míra stavu 2,F míra průměrná,Precision stavu 0,Precision stavu 1,Precision stavu 2,Recall stavu 0,Recall stavu 1,Recall stavu 2
1000,custom,custom,0.8856666666666667,343,0.931199101376018,0.8729641693811075,0.7865612648221344,0.8635748451930866,0.9436539556061468,0.8088531187122736,0.8002680965147453,0.9190687361419069,0.9481132075471698,0.7733160621761658
