n_estim,Kombinace rysů,délky úseku,Accuracy,Chyby,F míra stavu 0,F míra stavu 1,F míra stavu 2,F míra průměrná,Precision stavu 0,Precision stavu 1,Precision stavu 2,Recall stavu 0,Recall stavu 1,Recall stavu 2
400,custom,custom,0.8050108932461874,537,0.8051259390190013,0.8751269035532995,0.7743362831858407,0.8181963752527137,0.7067494181536075,0.9663677130044843,0.858684985279686,0.9353182751540041,0.7996289424860853,0.7050765511684126
