n_estim,Kombinace rysů,délky úseku,Accuracy,Chyby,F míra stavu 0,F míra stavu 1,F míra stavu 2,F míra průměrná,Precision stavu 0,Precision stavu 1,Precision stavu 2,Recall stavu 0,Recall stavu 1,Recall stavu 2
1000,custom,custom,0.8110876770111479,627,0.8400347121781891,0.7303030303030303,0.814615797958087,0.7949845134797688,0.8282943525385055,0.7237237237237237,0.8422222222222222,0.852112676056338,0.7370030581039755,0.7887617065556711
