n_estim,Kombinace rysů,délky úseku,Accuracy,Chyby,F míra stavu 0,F míra stavu 1,F míra stavu 2,F míra průměrná,Precision stavu 0,Precision stavu 1,Precision stavu 2,Recall stavu 0,Recall stavu 1,Recall stavu 2
1000,custom,custom,0.8967617826226355,322,0.9410542716177617,0.8394543546694648,0.8158995815899581,0.8654694026257282,0.9268542199488491,0.7272727272727273,0.9527687296416938,0.9556962025316456,0.9925558312655087,0.7134146341463414
