n_estim,Kombinace rysů,délky úseku,Accuracy,Chyby,F míra stavu 0,F míra stavu 1,F míra stavu 2,F míra průměrná,Precision stavu 0,Precision stavu 1,Precision stavu 2,Recall stavu 0,Recall stavu 1,Recall stavu 2
400,custom,custom,0.8983648605322219,317,0.9380668566986265,0.8565264293419633,0.8195592286501377,0.8713841715635758,0.9220580743759552,0.7576335877862596,0.9414556962025317,0.9546413502109705,0.9851116625310173,0.725609756097561
