n_estim,Kombinace rysů,délky úseku,Accuracy,Chyby,F míra stavu 0,F míra stavu 1,F míra stavu 2,F míra průměrná,Precision stavu 0,Precision stavu 1,Precision stavu 2,Recall stavu 0,Recall stavu 1,Recall stavu 2
400,custom,custom,0.8202634880803011,573,0.9201655824955648,0.7674883411059293,0.6470194239785666,0.7782244491933535,0.8999421631000578,0.6582857142857143,0.827054794520548,0.941318814277072,0.9201277955271565,0.5313531353135313
