n_estim,Kombinace rysů,délky úseku,Accuracy,Chyby,F míra stavu 0,F míra stavu 1,F míra stavu 2,F míra průměrná,Precision stavu 0,Precision stavu 1,Precision stavu 2,Recall stavu 0,Recall stavu 1,Recall stavu 2
400,custom,custom,0.8913333333333333,326,0.9345221510169964,0.8680042238648363,0.8005464480874317,0.8676909409897547,0.9394957983193277,0.7858508604206501,0.846820809248555,0.9296008869179601,0.9693396226415094,0.7590673575129534
