n_estim,Kombinace rysů,délky úseku,Accuracy,Chyby,F míra stavu 0,F míra stavu 1,F míra stavu 2,F míra průměrná,Precision stavu 0,Precision stavu 1,Precision stavu 2,Recall stavu 0,Recall stavu 1,Recall stavu 2
400,custom,custom,0.8638144019282916,452,0.8831168831168831,0.8640226628895185,0.8256672345258376,0.857602260177413,0.868824531516184,0.8047493403693932,0.90875,0.897887323943662,0.9327217125382263,0.7565036420395421
