n_estim,Kombinace rysů,délky úseku,Accuracy,Chyby,F míra stavu 0,F míra stavu 1,F míra stavu 2,F míra průměrná,Precision stavu 0,Precision stavu 1,Precision stavu 2,Recall stavu 0,Recall stavu 1,Recall stavu 2
400,custom,custom,0.8410828025477707,499,0.8754813863928113,0.8233360723089564,0.7971237801746276,0.8319804129587984,0.8286755771567437,0.8882978723404256,0.8344086021505376,0.927891156462585,0.7672281776416539,0.7630285152409046
