n_estim,Kombinace rysů,délky úseku,Accuracy,Chyby,F míra stavu 0,F míra stavu 1,F míra stavu 2,F míra průměrná,Precision stavu 0,Precision stavu 1,Precision stavu 2,Recall stavu 0,Recall stavu 1,Recall stavu 2
400,custom,custom,0.7903333333333333,629,0.9301808066759388,0.6200378071833649,0.5508537490720119,0.7003574543104385,0.9335566722501396,0.5173501577287066,0.6452173913043479,0.926829268292683,0.7735849056603774,0.4805699481865285
