n_estim,Kombinace rysů,délky úseku,Accuracy,Chyby,F míra stavu 0,F míra stavu 1,F míra stavu 2,F míra průměrná,Precision stavu 0,Precision stavu 1,Precision stavu 2,Recall stavu 0,Recall stavu 1,Recall stavu 2
400,custom,custom,0.8467741935483871,551,0.8744236506644969,0.8845315904139434,0.7939698492462312,0.8509750301082238,0.8975501113585747,0.8336755646817249,0.7821782178217822,0.8524590163934426,0.9419953596287703,0.8061224489795918
