n_estim,Kombinace rysů,délky úseku,Accuracy,Chyby,F míra stavu 0,F míra stavu 1,F míra stavu 2,F míra průměrná,Precision stavu 0,Precision stavu 1,Precision stavu 2,Recall stavu 0,Recall stavu 1,Recall stavu 2
400,custom,custom,0.8999679384418082,312,0.9395348837209302,0.8639308855291576,0.8169209431345353,0.8734622374615411,0.9209726443768997,0.7648183556405354,0.9469453376205788,0.9588607594936709,0.9925558312655087,0.7182926829268292
