n_estim,Kombinace rysů,délky úseku,Accuracy,Chyby,F míra stavu 0,F míra stavu 1,F míra stavu 2,F míra průměrná,Precision stavu 0,Precision stavu 1,Precision stavu 2,Recall stavu 0,Recall stavu 1,Recall stavu 2
400,custom,custom,0.8298109010011123,612,0.8762214983713354,0.819773429454171,0.7662593614505321,0.8207514297586794,0.9001673173452315,0.737037037037037,0.7695961995249406,0.8535166578529878,0.9234338747099768,0.7629513343799058
