n_estim,Kombinace rysů,délky úseku,Accuracy,Chyby,F míra stavu 0,F míra stavu 1,F míra stavu 2,F míra průměrná,Precision stavu 0,Precision stavu 1,Precision stavu 2,Recall stavu 0,Recall stavu 1,Recall stavu 2
1000,custom,custom,0.8926666666666667,322,0.9376379690949227,0.8629550321199143,0.7988904299583911,0.8664944770577426,0.9335164835164835,0.7901960784313725,0.8597014925373134,0.9417960088691796,0.9504716981132075,0.7461139896373057
