n_estim,Kombinace rysů,délky úseku,Accuracy,Chyby,F míra stavu 0,F míra stavu 1,F míra stavu 2,F míra průměrná,Precision stavu 0,Precision stavu 1,Precision stavu 2,Recall stavu 0,Recall stavu 1,Recall stavu 2
400,custom,custom,0.819743659667303,661,0.9209425236731997,0.7371007371007371,0.5916030534351145,0.7498821047363505,0.8676348547717843,0.5905511811023622,0.9393939393939394,0.9812294697325199,0.9803921568627451,0.43175487465181056
