n_estim,Kombinace rysů,délky úseku,Accuracy,Chyby,F míra stavu 0,F míra stavu 1,F míra stavu 2,F míra průměrná,Precision stavu 0,Precision stavu 1,Precision stavu 2,Recall stavu 0,Recall stavu 1,Recall stavu 2
1000,custom,custom,0.8568054325361677,485,0.8640876412187607,0.9122562674094707,0.8150599917252793,0.863801300117837,0.863791923340178,0.9122562674094707,0.8153973509933775,0.8643835616438356,0.9122562674094707,0.8147229114971051
