n_estim,Kombinace rysů,délky úseku,Accuracy,Chyby,F míra stavu 0,F míra stavu 1,F míra stavu 2,F míra průměrná,Precision stavu 0,Precision stavu 1,Precision stavu 2,Recall stavu 0,Recall stavu 1,Recall stavu 2
1000,custom,custom,0.9091900736296701,333,0.9319206492335438,0.9471502590673575,0.8380755302638386,0.9057154795215799,0.8967462039045553,0.9031620553359684,0.9462616822429907,0.969967151572032,0.9956427015250545,0.7520891364902507
