n_estim,Kombinace rysů,délky úseku,Accuracy,Chyby,F míra stavu 0,F míra stavu 1,F míra stavu 2,F míra průměrná,Precision stavu 0,Precision stavu 1,Precision stavu 2,Recall stavu 0,Recall stavu 1,Recall stavu 2
400,custom,custom,0.5624546114742193,1205,0.7672,0.522189349112426,0.286231884057971,0.5252070777234656,0.6284403669724771,0.43419434194341944,0.5710843373493976,0.9845995893223819,0.6549165120593692,0.1909750201450443
