n_estim,Kombinace rysů,délky úseku,Accuracy,Chyby,F míra stavu 0,F míra stavu 1,F míra stavu 2,F míra průměrná,Precision stavu 0,Precision stavu 1,Precision stavu 2,Recall stavu 0,Recall stavu 1,Recall stavu 2
400,custom,custom,0.893,321,0.9381698268755152,0.8648068669527897,0.7963610916724982,0.8664459285002678,0.9302452316076294,0.7933070866141733,0.8660578386605784,0.9462305986696231,0.9504716981132075,0.7370466321243523
