n_estim,Kombinace rysů,délky úseku,Accuracy,Chyby,F míra stavu 0,F míra stavu 1,F míra stavu 2,F míra průměrná,Precision stavu 0,Precision stavu 1,Precision stavu 2,Recall stavu 0,Recall stavu 1,Recall stavu 2
400,custom,custom,0.8268675857646681,540,0.917470525187567,0.7597340930674265,0.64280798348245,0.7733375339124812,0.9324618736383442,0.6153846153846154,0.7377567140600316,0.9029535864978903,0.9925558312655087,0.5695121951219512
