n_estim,Kombinace rysů,délky úseku,Accuracy,Chyby,F míra stavu 0,F míra stavu 1,F míra stavu 2,F míra průměrná,Precision stavu 0,Precision stavu 1,Precision stavu 2,Recall stavu 0,Recall stavu 1,Recall stavu 2
1000,custom,custom,0.8743828853538124,458,0.9147869674185464,0.8810289389067524,0.7534818941504178,0.8497659334919055,0.8902439024390244,0.9072847682119205,0.7840579710144927,0.9407216494845361,0.85625,0.725201072386059
