n_estim,Kombinace rysů,délky úseku,Accuracy,Chyby,F míra stavu 0,F míra stavu 1,F míra stavu 2,F míra průměrná,Precision stavu 0,Precision stavu 1,Precision stavu 2,Recall stavu 0,Recall stavu 1,Recall stavu 2
400,custom,custom,0.7797529376318169,731,0.8705749079580856,0.7466340269277846,0.5987780040733197,0.7386623129863966,0.8412698412698413,0.6224489795918368,0.861328125,0.9019953051643192,0.9327217125382263,0.4588969823100936
