n_estim,Kombinace rysů,délky úseku,Accuracy,Chyby,F míra stavu 0,F míra stavu 1,F míra stavu 2,F míra průměrná,Precision stavu 0,Precision stavu 1,Precision stavu 2,Recall stavu 0,Recall stavu 1,Recall stavu 2
400,custom,custom,0.6902497027348394,1042,0.8573008849557522,0.5463474524248005,0.44099797707349964,0.6148821048180175,0.8433079434167573,0.3780798640611725,0.9369627507163324,0.8717660292463442,0.9845132743362832,0.28835978835978837
