n_estim,Kombinace rysů,délky úseku,Accuracy,Chyby,F míra stavu 0,F míra stavu 1,F míra stavu 2,F míra průměrná,Precision stavu 0,Precision stavu 1,Precision stavu 2,Recall stavu 0,Recall stavu 1,Recall stavu 2
400,custom,custom,0.6631985731272295,1133,0.8512168141592921,0.5616966580976864,0.3277634961439589,0.5802256561336457,0.8373231773667029,0.3958333333333333,0.6042654028436019,0.8655793025871766,0.9668141592920354,0.22486772486772486
