n_estim,Kombinace rysů,délky úseku,Accuracy,Chyby,F míra stavu 0,F míra stavu 1,F míra stavu 2,F míra průměrná,Precision stavu 0,Precision stavu 1,Precision stavu 2,Recall stavu 0,Recall stavu 1,Recall stavu 2
400,custom,custom,0.7210789766407119,1003,0.8782455255860852,0.5833333333333334,0.4842454394693201,0.6486080994629129,0.8391136801541426,0.41928934010152286,0.8186915887850468,0.9212057112638815,0.9582366589327146,0.34379905808477235
