n_estim,Kombinace rysů,délky úseku,Accuracy,Chyby,F míra stavu 0,F míra stavu 1,F míra stavu 2,F míra průměrná,Precision stavu 0,Precision stavu 1,Precision stavu 2,Recall stavu 0,Recall stavu 1,Recall stavu 2
1000,custom,custom,0.7697441601779755,828,0.8752223634053368,0.6824724809483489,0.6194605009633911,0.7257184484390257,0.8424657534246576,0.5373333333333333,0.8017456359102244,0.9106292966684294,0.9350348027842227,0.5047095761381476
