n_estim,Kombinace rysů,délky úseku,Accuracy,Chyby,F míra stavu 0,F míra stavu 1,F míra stavu 2,F míra průměrná,Precision stavu 0,Precision stavu 1,Precision stavu 2,Recall stavu 0,Recall stavu 1,Recall stavu 2
1000,custom,custom,0.7057074910820452,990,0.8568275862068966,0.5636132315521628,0.4937949052906597,0.6380785743499063,0.8408229561451002,0.39553571428571427,0.9521410579345088,0.8734533183352081,0.9800884955752213,0.3333333333333333
