n_estim,Kombinace rysů,délky úseku,Accuracy,Chyby,F míra stavu 0,F míra stavu 1,F míra stavu 2,F míra průměrná,Precision stavu 0,Precision stavu 1,Precision stavu 2,Recall stavu 0,Recall stavu 1,Recall stavu 2
400,custom,custom,0.7764565992865636,752,0.8572231590781337,0.6558105107327905,0.7080813633864761,0.7403716777324667,0.8567415730337079,0.492769744160178,0.9401459854014599,0.8577052868391452,0.9800884955752213,0.5679012345679012
