n_estim,Kombinace rysů,délky úseku,Accuracy,Chyby,F míra stavu 0,F míra stavu 1,F míra stavu 2,F míra průměrná,Precision stavu 0,Precision stavu 1,Precision stavu 2,Recall stavu 0,Recall stavu 1,Recall stavu 2
400,custom,custom,0.44018126888217524,1853,0.44455205811138016,0.5524475524475524,0.28975265017667845,0.4289174202452037,0.3269230769230769,0.583264971287941,0.4177583697234352,0.6944024205748865,0.5247232472324723,0.22179289026275115
