n_estim,Kombinace rysů,délky úseku,Accuracy,Chyby,F míra stavu 0,F míra stavu 1,F míra stavu 2,F míra průměrná,Precision stavu 0,Precision stavu 1,Precision stavu 2,Recall stavu 0,Recall stavu 1,Recall stavu 2
1000,custom,custom,0.6001302507326604,1228,0.7433768287860815,0.4992548435171386,0.5002201673271687,0.5809506132101295,0.6359945872801083,0.3641304347826087,0.8439821693907875,0.8943862987630827,0.7938388625592417,0.35544430538172717
