n_estim,Kombinace rysů,délky úseku,Accuracy,Chyby,F míra stavu 0,F míra stavu 1,F míra stavu 2,F míra průměrná,Precision stavu 0,Precision stavu 1,Precision stavu 2,Recall stavu 0,Recall stavu 1,Recall stavu 2
400,custom,custom,0.6081570996978852,1297,0.4823848238482385,0.6519097222222222,0.6380281690140845,0.5907742383615151,0.4368098159509202,0.7913593256059009,0.5860284605433377,0.5385779122541604,0.5542435424354244,0.7001545595054096
