n_estim,Kombinace rysů,délky úseku,Accuracy,Chyby,F míra stavu 0,F míra stavu 1,F míra stavu 2,F míra průměrná,Precision stavu 0,Precision stavu 1,Precision stavu 2,Recall stavu 0,Recall stavu 1,Recall stavu 2
1000,custom,custom,0.7636741973840666,795,0.8329909010859994,0.6351744186046512,0.7331619537275065,0.7337757578060523,0.8710865561694291,0.47294372294372294,0.8791615289765722,0.7980877390326209,0.9668141592920354,0.6287477954144621
