n_estim,Kombinace rysů,délky úseku,Accuracy,Chyby,F míra stavu 0,F míra stavu 1,F míra stavu 2,F míra průměrná,Precision stavu 0,Precision stavu 1,Precision stavu 2,Recall stavu 0,Recall stavu 1,Recall stavu 2
400,custom,custom,0.8565072302558399,516,0.8781930626512503,0.9134615384615384,0.8080272624006059,0.8665606211711315,0.8933260393873085,0.9476309226932669,0.7805413313825896,0.8635642517186674,0.8816705336426914,0.8375196232339089
