n_estim,Kombinace rysů,délky úseku,Accuracy,Chyby,F míra stavu 0,F míra stavu 1,F míra stavu 2,F míra průměrná,Precision stavu 0,Precision stavu 1,Precision stavu 2,Recall stavu 0,Recall stavu 1,Recall stavu 2
400,custom,custom,0.6306578153289076,1224,0.6359130766298132,0.5886232481450948,0.6439828080229226,0.6228397109326101,0.5661914460285132,0.49173553719008267,0.8062780269058296,0.7252173913043478,0.7330595482546202,0.5360763267740012
