n_estim,Kombinace rysů,délky úseku,Accuracy,Chyby,F míra stavu 0,F míra stavu 1,F míra stavu 2,F míra průměrná,Precision stavu 0,Precision stavu 1,Precision stavu 2,Recall stavu 0,Recall stavu 1,Recall stavu 2
400,custom,custom,0.8567853170189099,515,0.8787960225745767,0.9086538461538461,0.8093974990526714,0.8656157892603648,0.8934426229508197,0.942643391521197,0.7824175824175824,0.8646218931782126,0.877030162412993,0.8383045525902669
