n_estim,Kombinace rysů,délky úseku,Accuracy,Chyby,F míra stavu 0,F míra stavu 1,F míra stavu 2,F míra průměrná,Precision stavu 0,Precision stavu 1,Precision stavu 2,Recall stavu 0,Recall stavu 1,Recall stavu 2
400,custom,custom,0.9378947368421052,236,0.9433962264150944,0.9525462962962963,0.3103448275862069,0.7354291167658659,0.9387351778656127,0.9459770114942528,0.5,0.9481037924151696,0.9592074592074592,0.225
