n_estim,Kombinace rysů,délky úseku,Accuracy,Chyby,F míra stavu 0,F míra stavu 1,F míra stavu 2,F míra průměrná,Precision stavu 0,Precision stavu 1,Precision stavu 2,Recall stavu 0,Recall stavu 1,Recall stavu 2
400,custom,custom,0.6134580567290283,1281,0.6269638290098648,0.5953177257525084,0.6077922077922078,0.6100245875181937,0.5406427221172023,0.5021156558533145,0.8045186640471512,0.7460869565217392,0.731006160164271,0.4883720930232558
