n_estim,Kombinace rysů,délky úseku,Accuracy,Chyby,F míra stavu 0,F míra stavu 1,F míra stavu 2,F míra průměrná,Precision stavu 0,Precision stavu 1,Precision stavu 2,Recall stavu 0,Recall stavu 1,Recall stavu 2
1000,custom,custom,0.6065178032589016,1304,0.6200073286918285,0.5907590759075908,0.5999255675474506,0.6035639907156233,0.5357821405953135,0.49379310344827587,0.7980198019801981,0.7356521739130435,0.7351129363449692,0.4806201550387597
