n_estim,Kombinace rysů,délky úseku,Accuracy,Chyby,F míra stavu 0,F míra stavu 1,F míra stavu 2,F míra průměrná,Precision stavu 0,Precision stavu 1,Precision stavu 2,Recall stavu 0,Recall stavu 1,Recall stavu 2
400,custom,custom,0.7561436672967864,516,0.7591324200913242,0.8514285714285714,0.7157303370786516,0.7754304428661823,0.8012048192771084,0.8948948948948949,0.6684155299055614,0.7212581344902386,0.8119891008174387,0.7702539298669892
