n_estim,Kombinace rysů,délky úseku,Accuracy,Chyby,F míra stavu 0,F míra stavu 1,F míra stavu 2,F míra průměrná,Precision stavu 0,Precision stavu 1,Precision stavu 2,Recall stavu 0,Recall stavu 1,Recall stavu 2
400,custom,custom,0.5996978851963746,1325,0.4625087596355992,0.6479120879120879,0.6291980808773132,0.5798729761416668,0.4308093994778068,0.8010869565217391,0.5652709359605911,0.49924357034795763,0.5439114391143911,0.7094281298299846
