n_estim,Kombinace rysů,délky úseku,Accuracy,Chyby,F míra stavu 0,F míra stavu 1,F míra stavu 2,F míra průměrná,Precision stavu 0,Precision stavu 1,Precision stavu 2,Recall stavu 0,Recall stavu 1,Recall stavu 2
1000,custom,custom,0.5948640483383686,1341,0.4600416956219597,0.6411815812337098,0.6252170892671066,0.5754801220409255,0.4254498714652956,0.7793030623020063,0.5678233438485805,0.5007564296520424,0.5446494464944649,0.6955177743431221
