n_estim,Kombinace rysů,délky úseku,Accuracy,Chyby,F míra stavu 0,F míra stavu 1,F míra stavu 2,F míra průměrná,Precision stavu 0,Precision stavu 1,Precision stavu 2,Recall stavu 0,Recall stavu 1,Recall stavu 2
1000,custom,custom,0.5954682779456193,1339,0.4583901773533424,0.6449934980494149,0.6259220231822972,0.5764352328616847,0.41739130434782606,0.7815126050420168,0.5737282678686413,0.5083207261724659,0.5490774907749078,0.6885625965996909
