n_estim,Kombinace rysů,délky úseku,Accuracy,Chyby,F míra stavu 0,F míra stavu 1,F míra stavu 2,F míra průměrná,Precision stavu 0,Precision stavu 1,Precision stavu 2,Recall stavu 0,Recall stavu 1,Recall stavu 2
400,custom,custom,0.6149668074834037,1276,0.6232626188734455,0.6071726438698916,0.6100185528756957,0.6134846052063443,0.5378787878787878,0.5112359550561798,0.8074656188605108,0.7408695652173913,0.7474332648870636,0.49016100178890876
