n_estim,Kombinace rysů,délky úseku,Accuracy,Chyby,F míra stavu 0,F míra stavu 1,F míra stavu 2,F míra průměrná,Precision stavu 0,Precision stavu 1,Precision stavu 2,Recall stavu 0,Recall stavu 1,Recall stavu 2
400,custom,custom,0.7690249702734839,777,0.8417033773861967,0.634393063583815,0.7374935533780299,0.7378633314493471,0.8807621389059619,0.47103004291845496,0.8881987577639752,0.8059617547806525,0.9712389380530974,0.6305114638447972
