n_estim,Kombinace rysů,délky úseku,Accuracy,Chyby,F míra stavu 0,F míra stavu 1,F míra stavu 2,F míra průměrná,Precision stavu 0,Precision stavu 1,Precision stavu 2,Recall stavu 0,Recall stavu 1,Recall stavu 2
1000,custom,custom,0.8453333333333334,464,0.9021531752521122,0.7222884386174017,0.774798927613941,0.7997468471611516,0.8873994638069705,0.7301204819277108,0.8027777777777778,0.9174057649667405,0.714622641509434,0.7487046632124352
