n_estim,Kombinace rysů,délky úseku,Accuracy,Chyby,F míra stavu 0,F míra stavu 1,F míra stavu 2,F míra průměrná,Precision stavu 0,Precision stavu 1,Precision stavu 2,Recall stavu 0,Recall stavu 1,Recall stavu 2
400,custom,custom,0.8598464070213933,511,0.8981723237597912,0.9009584664536742,0.7184343434343434,0.8391883778826029,0.91005291005291,0.9215686274509803,0.6789976133651552,0.8865979381443299,0.88125,0.7627345844504021
