n_estim,Kombinace rysů,délky úseku,Accuracy,Chyby,F míra stavu 0,F míra stavu 1,F míra stavu 2,F míra průměrná,Precision stavu 0,Precision stavu 1,Precision stavu 2,Recall stavu 0,Recall stavu 1,Recall stavu 2
1000,custom,custom,0.8734558601988551,420,0.8896713615023474,0.8703047484053863,0.845519516217702,0.8684985420418118,0.8896713615023474,0.8110964332892999,0.8962703962703963,0.8896713615023474,0.9388379204892966,0.8002081165452654
