n_estim,Kombinace rysů,délky úseku,Accuracy,Chyby,F míra stavu 0,F míra stavu 1,F míra stavu 2,F míra průměrná,Precision stavu 0,Precision stavu 1,Precision stavu 2,Recall stavu 0,Recall stavu 1,Recall stavu 2
400,custom,custom,0.8422208281053952,503,0.8794587945879458,0.7797356828193832,0.8217934165720772,0.8269959646598021,0.8943089430894309,0.7214673913043478,0.8487690504103166,0.8650937689050212,0.8482428115015974,0.7964796479647965
