n_estim,Kombinace rysů,délky úseku,Accuracy,Chyby,F míra stavu 0,F míra stavu 1,F míra stavu 2,F míra průměrná,Precision stavu 0,Precision stavu 1,Precision stavu 2,Recall stavu 0,Recall stavu 1,Recall stavu 2
1000,custom,custom,0.8451056729699666,557,0.871367061356297,0.8881278538812786,0.7930769230769231,0.8508572794381662,0.8871232876712328,0.8741573033707866,0.777526395173454,0.8561607615018508,0.9025522041763341,0.8092621664050236
