n_estim,Kombinace rysů,délky úseku,Accuracy,Chyby,F míra stavu 0,F míra stavu 1,F míra stavu 2,F míra průměrná,Precision stavu 0,Precision stavu 1,Precision stavu 2,Recall stavu 0,Recall stavu 1,Recall stavu 2
400,custom,custom,0.8964411670407182,323,0.9357798165137615,0.8498942917547568,0.8246445497630331,0.8701062193438505,0.9301719645648775,0.7403314917127072,0.9269406392694064,0.9414556962025317,0.9975186104218362,0.7426829268292683
